Position,Company,Description,Loc_state,Loc_city,Skills,Type,Source
Data Science Development Program- Junior Data Scientist,"
<<<<<<< HEAD
MassMutual",NA,MA,Amherst,NA,NA,NA
Entry-Level Cognitive / AI / Machine Learning Software Developer,"
IBM",NA,TX,Austin,NA,NA,NA
PHP/MySQL Programmer,NA,NA,TX,Austin,NA,NA,NA
Python Programmer Job,"
SAIC",NA,CA,Monterey,NA,NA,NA
BI Analyst,NA,NA,CA,San Francisco,NA,NA,NA
L2- Jr. SQL Developer,"
Gartner, Inc.",NA,NY,New York,NA,NA,NA
BI Analyst,NA,NA,CA,San Francisco,NA,NA,NA
Data Engineer,"
Apple",NA,CA,Santa Clara Valley,NA,NA,NA
Supply Chain Data Scientist/Analyst,"
Apple",NA,CA,Santa Clara Valley,NA,NA,NA
Data Insights Analyst (Advanced SQL Needed),"
C.H. Robinson",NA,MN,Eden Prairie,NA,NA,NA
Junior Data Scientist,"
The World Bank",NA,DC,Washington,NA,NA,NA
Junior Data Scientist,"
CGI",NA,DC,Washington,NA,NA,NA
Python Junior Developer,"
Akuna Capital",NA,IL,Chicago,NA,NA,NA
"Jr. Python Developer Washington, DC",NA,NA,DC,Washington,NA,NA,NA
Business Intelligence Analyst,"
Apple",NA,CA,Santa Clara Valley,NA,NA,NA
Senior Data Analyst,"
Intellipro Group Inc.",NA,CA,Mountain View,NA,NA,NA
Python (Django) Web Developer with FoodTech Startup,NA,NA,CA,San Francisco,NA,NA,NA
Business Intelligence Analyst,"
Apple",NA,CA,Santa Clara Valley,NA,NA,NA
Entry Level Python Software Developer,"
Leidos",NA,MD,Baltimore,NA,NA,NA
"Data Scientist/Quantitative Analyst, Engineering, University Graduate","
Google",NA,CA,Mountain View,NA,NA,NA
Data Engineer,"
National Oilwell Varco",NA,TX,Houston,NA,NA,NA
Product Analyst,NA,NA,CA,San Francisco,NA,NA,NA
Machine Learning Engineer Intern (Spring),"
KAYAK",NA,MA,Cambridge,NA,NA,NA
Product Analyst,"
ezCater",NA,MA,Boston,NA,NA,NA
Product Analyst,"
UPC Insurance",NA,FL,Saint Petersburg,NA,NA,NA
Data Analyst,"
Perfect World Entertainment",NA,CA,Redwood City,NA,NA,NA
"Director of Data Engineering - Periscope, New Ventures","
McKinsey & Company",NA,GA,Atlanta,NA,NA,NA
Data Scientist / Data Analyst,NA,NA,CA,Sunnyvale,NA,NA,NA
Data Engineer,"
Bank of America",NA,NC,Charlotte,NA,NA,NA
Data Analyst,"
iCIMS",NA,NJ,Holmdel,NA,NA,NA
BI Analyst,NA,NA,PA,Philadelphia,NA,NA,NA
Data Analyst / Data Scientist,NA,NA,NY,New York,NA,NA,NA
Data Analyst,"
Pattern Energy",NA,TX,Houston,NA,NA,NA
"Data Scientist/Quantitative Analyst, Engineering, University Graduate","
Google",NA,CA,Mountain View,NA,NA,NA
Machine Learning Intern (Summer 2018),"
Philips Lighting",NA,MA,Cambridge,NA,NA,NA
BI Analyst,NA,NA,NY,New York,NA,NA,NA
L2- Jr. SQL Developer,"
Gartner, Inc.",NA,NY,New York,NA,NA,NA
Senior Big Data Engineer,"
Sumeru Solutions",NA,VA,Reston,NA,NA,NA
Data Analyst,"
Morgan Stanley",NA,NY,New York,NA,NA,NA
"2018 Summer Data Science Intern - Mountain View, CA",NA,NA,CA,Mountain View,NA,NA,NA
Senior Data Scientist: Health Outcomes,"
Cigna",NA,NC,Raleigh,NA,NA,NA
Spark Developer with Python/Machine Learning,"
Intellisoft Technologies",NA,TX,San Antonio,NA,NA,NA
Statistician,"
Microsoft",NA,WA,Redmond,NA,NA,NA
Software Engineering and Data Analytics Intern (Summer 2018),"
Philips Lighting",NA,MA,Cambridge,NA,NA,NA
Machine Learning Researcher Intern,"
Amazon.com",NA,WA,Seattle,NA,NA,NA
Python Developer,"
Booz Allen Hamilton",NA,VA,Herndon,NA,NA,NA
Product Analyst,"
ezCater",NA,MA,Boston,NA,NA,NA
"Data Engineer, Junior","
Booz Allen Hamilton",NA,VA,Herndon,NA,NA,NA
Data Analyst - Entry Level,"
Auto-Owners Insurance",NA,MI,Lansing,NA,NA,NA
"Data Scientist/Quantitative Analyst, Engineering, University Graduate","
Google",NA,CA,Mountain View,NA,NA,NA
Business Intelligence Analyst,"
adMarketplace",NA,NY,New York,NA,NA,NA
Business Intelligence Analyst,"
DBRS",NA,NY,New York,NA,NA,NA
Data Science Intern (Summer 2018),"
Philips Lighting",NA,MA,Cambridge,NA,NA,NA
Data Analyst,"
CGI",NA,DC,Washington,NA,NA,NA
Product Analyst,"
Lending Club",NA,CA,San Francisco,NA,NA,NA
Data Scientist,"
C.H. Robinson",NA,MN,Eden Prairie,NA,NA,NA
Product Analyst,"
Safe Auto Insurance Company",NA,OH,Columbus,NA,NA,NA
"Data Analyst, Junior","
Booz Allen Hamilton",NA,VA,Herndon,NA,NA,NA
Data Analyst,"
Corning",NA,NY,Painted Post,NA,NA,NA
Data Science Intern,"
Intel",NA,AZ,Phoenix,NA,NA,NA
Data Engineer,"
NAMCO BANDAI",NA,CA,Santa Clara,NA,NA,NA
Data Engineer,"
Intellipro Group Inc.",NA,CA,Santa Clara,NA,NA,NA
Data Engineer,"
Walmart eCommerce",NA,CA,Sunnyvale,NA,NA,NA
Data Analyst,"
GoHealth",NA,IL,Chicago,NA,NA,NA
Product Data Analyst,"
Hulu",NA,WA,Seattle,NA,NA,NA
2018 GDI&A Entry Level Data Scientist / Analyst,"
Ford Motor Company",NA,MI,Dearborn,NA,NA,NA
Jr Data Modeler/ETL Developer,"
Leidos",NA,MD,Bethesda,NA,NA,NA
Data Engineer,NA,NA,CA,Mountain View,NA,NA,NA
Data Engineer,"
BMW North America",NA,CA,Mountain View,NA,NA,NA
Data Engineer,NA,NA,CA,Mountain View,NA,NA,NA
Data Engineer,NA,NA,CA,Mountain View,NA,NA,NA
Data Engineer,NA,NA,CA,Palo Alto,NA,NA,NA
"Payments Business Intelligence, App Store Analytics","
Apple",NA,CA,Santa Clara Valley,NA,NA,NA
Data Engineer,"
National Oilwell Varco",NA,TX,Houston,NA,NA,NA
Business Intelligence Analyst,"
Favor",NA,TX,Austin,NA,NA,NA
Jr. Data Engineer,NA,NA,IL,Chicago,NA,NA,NA
Business Intelligence Analyst,"
Comcast",NA,NY,New York,NA,NA,NA
Product Analyst,NA,NA,CA,San Francisco,NA,NA,NA
Business Intelligence Analyst,"
etouch systems",NA,CA,Fremont,NA,NA,NA
Machine Learning Engineer - Intern,"
FactSet Research Systems",NA,NY,New York,NA,NA,NA
Data Analyst,"
Cisco",NA,CA,San Jose,NA,NA,NA
Data Scientist / Data Analyst,"
Hyperloop One",NA,CA,Los Angeles,NA,NA,NA
Business Intelligence Analyst,"
Stanford University",NA,CA,Stanford,NA,NA,NA
Machine Learning Engineer,NA,NA,IL,Chicago,NA,NA,NA
"Research Scientist, Machine Learning / Artificial Intelligence","
Disney Parks & Resorts",NA,CA,Glendale,NA,NA,NA
Machine Learning Engineer (REF 20170417JK),NA,NA,CA,Palo Alto,NA,NA,NA
Artificial Intelligence & Data Scientist,"
Twentieth Century Fox",NA,CA,Los Angeles,NA,NA,NA
Business Intelligence Analyst,"
Stanford University",NA,CA,Stanford,NA,NA,NA
Data Analyst,"
Cisco",NA,CA,San Jose,NA,NA,NA
Machine Learning Engineer - Intern,"
FactSet Research Systems",NA,NY,New York,NA,NA,NA
Product Analyst,NA,NA,CA,San Francisco,NA,NA,NA
"Statistician/Data Scientist - Junior, Mid & Senior","
OGSystems",NA,VA,Springfield,NA,NA,NA
Data Scientist / Data Analyst,"
Hyperloop One",NA,CA,Los Angeles,NA,NA,NA
"Learning Scientist/Data Analyst, Facebook Blueprint","
Facebook",NA,CA,Menlo Park,NA,NA,NA
"Learning Scientist/Data Analyst, Facebook Blueprint","
Facebook",NA,CA,Menlo Park,NA,NA,NA
Product Analyst,"
Tempus",NA,IL,Chicago,NA,NA,NA
Business Intelligence Analyst,"
Fareportal Inc.",NA,NY,New York,NA,NA,NA
Business Intelligence Analyst,"
CBS Interactive",NA,NY,New York,NA,NA,NA
Data Engineer,NA,NA,VA,Reston,NA,NA,NA
Data Engineer,NA,NA,VA,Reston,NA,NA,NA
"Payments Business Intelligence, App Store Analytics","
Apple",NA,CA,Santa Clara Valley,NA,NA,NA
"Python / Perl Developer (at Washington, DC)","
Leidos",NA,DC,Washington,NA,NA,NA
Business Intelligence Analyst,NA,NA,MN,Minneapolis,NA,NA,NA
Junior Data Scientist,"
Realogy Corporate",NA,CA,Emeryville,NA,NA,NA
Machine Learning / Artificial Intelligence Scientist,"
Ford Motor Company",NA,CA,Palo Alto,NA,NA,NA
"Research Scientist, Machine Learning and Intelligence","
Google",NA,CA,Mountain View,NA,NA,NA
Intern - Machine Learning Performance Metrics,"
Intel",NA,CA,Santa Clara,NA,NA,NA
"Vice President, Data Science - Machine Learning","
Wunderman",NA,TX,Dallas,NA,NA,NA
"Vice President, Data Science","
MetLife",NA,NC,Cary,NA,NA,NA
ENGINEER - RESEARCH ENGINEER - MACHINE LEARNING,"
Southwest Research Institute",NA,TX,San Antonio,NA,NA,NA
"Software Engineer, Machine Learning","
Google",NA,CA,Mountain View,NA,NA,NA
Maps Search - Engineer/Data Scientist,"
Apple",NA,CA,Santa Clara Valley,NA,NA,NA
Senior Software Engineer - Machine Learning,"
Splunk",NA,CA,San Francisco,NA,NA,NA
Machine Learning Architect- Intern,"
Micron",NA,WA,Seattle,NA,NA,NA
Data Scientist for Robotic & Cognitive Automation,"
Citi",NA,FL,Tampa,NA,NA,NA
Data Scientist/Data Wrangler,"
Lenovo",NA,NC,Raleigh,NA,NA,NA
Machine Learning Engineer,"
Avvo",NA,WA,Seattle,NA,NA,NA
"Software Engineer, Cloud Machine Learning","
Google",NA,CA,Mountain View,NA,NA,NA
Machine Learning Cloud Consultant,"
Google",NA,NY,New York,NA,NA,NA
Machine Learning Engineer,"
Lenovo",NA,NC,Raleigh,NA,NA,NA
Machine Learning Software Engineer,"
Lenovo",NA,NC,Raleigh,NA,NA,NA
Machine Learning Researcher - CIPHER - 1568,"
Georgia Tech Research Institute",NA,GA,Atlanta,NA,NA,NA
Data Scientist - People Analytics & Measurement,"
McKinsey & Company",NA,GA,Atlanta,NA,NA,NA
Machine Learning Engineer,NA,NA,CA,Los Altos,NA,NA,NA
"UX Researcher, Machine Learning","
HubSpot",NA,MA,Cambridge,NA,NA,NA
Senior AI Data Scientist,"
Honeywell",NA,GA,Atlanta,NA,NA,NA
Machine Learning Researcher,NA,NA,TX,Austin,NA,NA,NA
Machine Learning Engineer,"
Lenovo",NA,NC,Raleigh,NA,NA,NA
"Software Engineer, Machine Learning","
Facebook",NA,CA,Menlo Park,NA,NA,NA
Data Scientist,"
Schneider Electric",NA,MA,Andover,NA,NA,NA
Machine Learning Researcher - CIPHER - 1568,"
Georgia Tech Research Institute",NA,GA,Atlanta,NA,NA,NA
Data Scientist - People Analytics & Measurement,"
McKinsey & Company",NA,GA,Atlanta,NA,NA,NA
Machine Intelligence Engineer,NA,NA,CO,Colorado Springs,NA,NA,NA
Data Scientist for Robotic & Cognitive Automation,"
Citi",NA,FL,Tampa,NA,NA,NA
Data Engineer - AWS Artificial Intelligence,"
Amazon.com",NA,WA,Seattle,NA,NA,NA
Machine Learning Architect- Intern,"
Micron",NA,WA,Seattle,NA,NA,NA
Data Scientist,"
Microsoft",NA,WA,Bellevue,NA,NA,NA
"Software Engineer, Machine Learning","
Google",NA,CA,Mountain View,NA,NA,NA
Senior Software Engineer - Machine Learning,"
Splunk",NA,CA,San Francisco,NA,NA,NA
Machine Learning Engineer,"
Avvo",NA,WA,Seattle,NA,NA,NA
Senior Data Scientist,"
Cargill",NA,MN,Plymouth,NA,NA,NA
Data Science Development Program- Junior Data Scientist,"
MassMutual",NA,MA,Amherst,NA,NA,NA
Data Analyst,"
Government of the District of Columbia",NA,DC,Washington,NA,NA,NA
Data Analyst,"
Emory University",NA,GA,Atlanta,NA,NA,NA
Data Analyst,"
Dassault Falcon Jet",NA,AR,Little Rock,NA,NA,NA
"Data Analyst, Consumer Hardware","
Google",NA,CA,Mountain View,NA,NA,NA
Data Analyst - Media,"
Apple",NA,CA,Santa Clara Valley,NA,NA,NA
Data Engineer,"
Apple",NA,CA,Santa Clara Valley,NA,NA,NA
Data Analyst,"
Microsoft",NA,WA,Redmond,NA,NA,NA
Data Scientist,"
Apple",NA,CA,Santa Clara Valley,NA,NA,NA
Data Analyst,NA,NA,NY,New York,NA,NA,NA
Data Analyst,"
JP Morgan Chase",NA,DE,Wilmington,NA,NA,NA
Enablement Programs Business Intelligence Analyst,"
Apple",NA,CA,Santa Clara Valley,NA,NA,NA
Data Analyst,"
healthgrades",NA,CO,Denver,NA,NA,NA
"Data Scientist/Quantitative Analyst, Engineering","
Google",NA,CA,Mountain View,NA,NA,NA
"Data Analyst, Emory Division of Hospital Medicine","
Emory University",NA,GA,Atlanta,NA,NA,NA
Data Analyst,"
Cisco",NA,NC,Research Triangle Park,NA,NA,NA
Data Science Analyst - Periscope,"
McKinsey & Company",NA,CA,San Jose,NA,NA,NA
Data Analyst,"
A-Max Insurance",NA,TX,Dallas,NA,NA,NA
Data Analyst,"
Northeast Ohio Regional Sewer District",NA,OH,Cleveland,NA,NA,NA
Data Scientist / Data Analyst,NA,NA,CA,Sunnyvale,NA,NA,NA
Data Analyst,"
Pattern Energy",NA,TX,Houston,NA,NA,NA
Data Analyst,"
MultiView, Inc.",NA,TX,Irving,NA,NA,NA
Data Analyst,"
Honda R&D Americas, Inc.",NA,OH,Raymond,NA,NA,NA
Business data Analyst,"
RBC",NA,NJ,Jersey City,NA,NA,NA
Data Analyst,"
University at Buffalo",NA,NY,Buffalo,NA,NA,NA
Data Engineer,"
GEICO",NA,MD,Chevy Chase,NA,NA,NA
Data Scientist - Machine Learning,"
Lockheed Martin",NA,FL,Orlando,NA,NA,NA
Machine Learning Intern SAN FRANCISCOMEMBER OF TECHNICAL STAFFINTERNSHIP,NA,NA,CA,San Francisco,NA,NA,NA
"Data Scientist (Machine Learning & Natural Language), Siri","
Apple",NA,CA,Santa Clara Valley,NA,NA,NA
"Software Engineer, Machine Learning","
Google",NA,CA,Mountain View,NA,NA,NA
Data Scientist,"
C.H. Robinson",NA,MN,Eden Prairie,NA,NA,NA
2018 Image Data Scientist Intern,"
Merck",NA,PA,West Point,NA,NA,NA
Associate Machine Learning Engineer,"
eharmony",NA,CA,Los Angeles,NA,NA,NA
Failure Analysis Data Scientist,"
Apple",NA,CA,Santa Clara Valley,NA,NA,NA
Health Sensing Data Scientist,"
Apple",NA,CA,Santa Clara Valley,NA,NA,NA
Data Analyst,"
Houston-Galveston Area Council",NA,TX,Houston,NA,NA,NA
"Business Intelligence Analyst - Overland Park, KS","
Cargill",NA,KS,Overland Park,NA,NA,NA
Data Analyst II - Schedule,"
Capital Metro",NA,TX,Austin,NA,NA,NA
Healthcare Data Analyst,"
MetroPlus Health Plan",NA,NY,New York,NA,NA,NA
Data Engineer,"
Bank of America",NA,NC,Charlotte,NA,NA,NA
Machine Learning Engineer,NA,NA,CA,Los Altos,NA,NA,NA
Algorithm Developer in Machine Learning,NA,NA,VA,Dulles,NA,NA,NA
Machine Learning Scientist,"
Microsoft",NA,WA,Redmond,NA,NA,NA
Data Scientist,"
Intel",NA,AZ,Phoenix,NA,NA,NA
Assistant Research Biostatistician - Psychiatry & Behavioral Sciences,"
Memorial Sloan Kettering",NA,NY,New York,NA,NA,NA
Business Data Analyst,"
Intuit",NA,CA,Mountain View,NA,NA,NA
Data Analyst,"
Penn State University",NA,PA,University Park,NA,NA,NA
Data Engineer,"
Transamerica",NA,TX,Plano,NA,NA,NA
Big Data Engineer,"
McKinsey & Company",NA,GA,Atlanta,NA,NA,NA
Machine Learning Engineer (Associate) - Intelligent Solutions,"
JP Morgan Chase",NA,NY,New York,NA,NA,NA
Data Scientist Intern,"
Patheon Inc.",NA,NC,Raleigh,NA,NA,NA
Artificial Intelligence/Machine Learning Specialist,"
Amazon.com",NA,NY,New York,NA,NA,NA
Machine Learning / Artificial Intelligence Scientist,"
Ford Motor Company",NA,CA,Palo Alto,NA,NA,NA
Data Scientist Intern,"
NIKE INC",NA,OR,Beaverton,NA,NA,NA
Machine Learning Intern,"
Xilinx",NA,CA,San Jose,NA,NA,NA
Data Science & Machine Learning Engineer- iPhone Operations,"
Apple",NA,CA,Santa Clara Valley,NA,NA,NA
Machine Learning A.I. Software Engineer,"
Applied Research Associates, Inc",NA,NC,Raleigh,NA,NA,NA
"Data Scientist/Quantitative Analyst, Engineering","
Google",NA,CA,Mountain View,NA,NA,NA
Data Science Intern,"
Intel",NA,AZ,Phoenix,NA,NA,NA
"Machine Learning Engineer, Amazon AI","
Amazon Web Services, Inc.",NA,CA,Palo Alto,NA,NA,NA
Entry-Level Cognitive / AI / Machine Learning Software Developer,"
IBM",NA,TX,Austin,NA,NA,NA
Computer Vision/Machine Learning Engineer,"
Apple",NA,CA,Santa Clara Valley,NA,NA,NA
Data Scientist,"
Apple",NA,CA,Santa Clara Valley,NA,NA,NA
"Machine Learning Engineer, Predictive Intelligence","
Apple",NA,CA,Santa Clara Valley,NA,NA,NA
Machine Learning Intern,NA,NA,CA,San Francisco,NA,NA,NA
"Handwriting Recognition and Machine Learning Engineer, Frameworks","
Apple",NA,CA,Santa Clara Valley,NA,NA,NA
Big Data Scientist- Machine Learning/AI Programming,"
Humana",NA,TX,Irving,NA,NA,NA
Machine Learning Researcher Intern,"
Amazon.com",NA,WA,Seattle,NA,NA,NA
Machine Learning Engineer,"
Lenovo",NA,NC,Raleigh,NA,NA,NA
Machine Learning and Computer Vision Architect - Platform Architecture,"
Apple",NA,CA,Santa Clara Valley,NA,NA,NA
Machine Learning Engineer,NA,NA,CA,Los Altos,NA,NA,NA
Failure Analysis Data Scientist,"
Apple",NA,CA,Santa Clara Valley,NA,NA,NA
Health Sensing Data Scientist,"
Apple",NA,CA,Santa Clara Valley,NA,NA,NA
Machine Learning Engineer,NA,NA,CA,Palo Alto,NA,NA,NA
Data Engineer,"
Apple",NA,CA,Santa Clara Valley,NA,NA,NA
Machine Learning Graduate Intern,"
Mitre Corporation",NA,CA,San Diego,NA,NA,NA
Machine Intelligence Scientist & Engineer,"
Draper",NA,VA,Reston,NA,NA,NA
Data Scientist,"
JP Morgan Chase",NA,OH,Columbus,NA,NA,NA
Computer Vision Data Engineer - Technology Development Group,"
Apple",NA,CA,Santa Clara Valley,NA,NA,NA
Machine Learning Engineer Intern (Spring),"
KAYAK",NA,MA,Cambridge,NA,NA,NA
Operations Research Data Scientist,"
Apple",NA,CA,Santa Clara Valley,NA,NA,NA
"2018 Summer Data Science Intern - Mountain View, CA",NA,NA,CA,Mountain View,NA,NA,NA
Machine Learning Intern,"
Mitek Systems",NA,CA,San Diego,NA,NA,NA
Junior Quantitative Researcher - Machine Learning,"
Akuna Capital",NA,IL,Chicago,NA,NA,NA
Associate - Machine Learning,"
McKinsey & Company",NA,NY,New York,NA,NA,NA
Maps Search and Machine Learning Engineer/Scientist,"
Apple",NA,CA,Santa Clara Valley,NA,NA,NA
Data Analyst - Entry Level,"
Auto-Owners Insurance",NA,MI,Lansing,NA,NA,NA
Data Analyst,"
Perfect World Entertainment",NA,CA,Redwood City,NA,NA,NA
Data Scientist / Data Analyst,"
Hyperloop One",NA,CA,Los Angeles,NA,NA,NA
Machine Learning Engineer - QuantumBlack,"
McKinsey & Company",NA,MA,Boston,NA,NA,NA
Mathematical Modeling Data Scientist,"
Oak Ridge Associated Universities",NA,NC,Research Triangle Park,NA,NA,NA
"Applied Researcher, Machine Learning","
Apple",NA,CA,Santa Clara Valley,NA,NA,NA
Machine Learning Expert (Intelligent Algorithms),"
JP Morgan Chase",NA,IL,Chicago,NA,NA,NA
Machine Learning Researcher,"
Apple",NA,CA,Santa Clara Valley,NA,NA,NA
Machine Learning Software Dev Engineer,"
Amazon Corporate LLC",NA,CA,Palo Alto,NA,NA,NA
Data Scientist,"
Microsoft",NA,WA,Redmond,NA,NA,NA
Machine Learning Engineer,"
Twitter",NA,CA,San Francisco,NA,NA,NA
Machine Learning Accelerator Architect,"
Google",NA,CA,Mountain View,NA,NA,NA
Data Scientist,"
The Boston Consulting Group",NA,NY,New York,NA,NA,NA
Cognitive / AI / Machine Learning Software Developer Internship 2018,"
IBM",NA,TX,Austin,NA,NA,NA
Data Scientist,"
General Electric",NA,OH,Evendale,NA,NA,NA
"Software Engineer, Machine Learning","
Facebook",NA,CA,Menlo Park,NA,NA,NA
Machine Learning Intern (Summer 2018),"
Philips Lighting",NA,MA,Cambridge,NA,NA,NA
Machine Learning Engineer,NA,NA,CA,Sunnyvale,NA,NA,NA
Systems Engineer (Entry Level) Machine Learning,"
SRC, Inc.",NA,NY,Syracuse,NA,NA,NA
Natural Language Processing Data Engineer,"
Apple",NA,CA,Santa Clara Valley,NA,NA,NA
Machine Learning Software Engineer,"
JP Morgan Chase",NA,NJ,Jersey City,NA,NA,NA
Machine Learning Engineer - Intelligent Solutions,"
JP Morgan Chase",NA,NY,New York,NA,NA,NA
Intern-Data Science,"
Palo Alto Networks",NA,CA,Santa Clara,NA,NA,NA
Data Scientist / Software Developer,"
Tessella",NA,TX,Houston,NA,NA,NA
Data Scientist,"
CACI",NA,VA,Reston,NA,NA,NA
Maps Search - Engineer/Data Scientist,"
Apple",NA,CA,Santa Clara Valley,NA,NA,NA
Junior Data Analyst (3+ months),"
SEIU 775 Benefits Group",NA,WA,Seattle,NA,NA,NA
Machine Learning Software Engineer,"
Lenovo",NA,NC,Raleigh,NA,NA,NA
"Machine Learning / AI Engineer, Data Stream","
Workday",NA,CA,San Francisco,NA,NA,NA
Data Scientist - MTS,"
Salesforce",NA,MA,Cambridge,NA,NA,NA
Data Science Intern,"
KAYAK",NA,MA,Cambridge,NA,NA,NA
Data Scientist,"
Ford Motor Company",NA,MI,Dearborn,NA,NA,NA
Data Science Intern (Summer 2018),"
Philips Lighting",NA,MA,Cambridge,NA,NA,NA
Machine Learning Engineer,"
TransUnion",NA,IL,Chicago,NA,NA,NA
Post Masters Student-Machine Learning Algorithms Developer,"
Los Alamos National Laboratory",NA,NM,Los Alamos,NA,NA,NA
Business Intelligence Data Scientist,"
Chipotle Mexican Grill",NA,CO,Denver,NA,NA,NA
Machine Learning Engineer,"
JP Morgan Chase",NA,CA,San Francisco,NA,NA,NA
Research and Development Engineer (Systems and Data Analyst),"
Penn State University",NA,PA,University Park,NA,NA,NA
Intern - Machine Learning Performance Metrics,"
Intel",NA,CA,Santa Clara,NA,NA,NA
Data Scientist Intern (Summer 2018),"
Electronic Arts",NA,CA,Redwood City,NA,NA,NA
Data Scientist Intern,"
Amazon.com",NA,WA,Seattle,NA,NA,NA
Machine Learning Evangelist,"
Apple",NA,CA,Santa Clara Valley,NA,NA,NA
Junior Data Scientist,"
SAP",NA,CA,Palo Alto,NA,NA,NA
"Data Scientist (Machine Learning & Natural Language), Siri","
Apple",NA,CA,Santa Clara Valley,NA,NA,NA
Data Scientist,NA,NA,DC,Washington,NA,NA,NA
Senior Data Analyst,"
Intellipro Group Inc.",NA,CA,Mountain View,NA,NA,NA
Data Scientist,"
Sumeru Solutions",NA,CA,Palo Alto,NA,NA,NA
"Data Scientist Research Intern - FLA - Sunnyvale, CA","
Fujitsu",NA,CA,Sunnyvale,NA,NA,NA
Data Scientist,"
CapTech Consulting",NA,NC,Charlotte,NA,NA,NA
Junior Data Scientist,"
The World Bank",NA,DC,Washington,NA,NA,NA
Data Scientist,"
MassMutual",NA,MA,Boston,NA,NA,NA
Data Scientist,"
Bank of America",NA,NC,Charlotte,NA,NA,NA
Data Scientist Intern (Summer 2018),"
Electronic Arts",NA,CA,Redwood City,NA,NA,NA
"Core Data Science, PhD Intern/Co-op (2018)","
Facebook",NA,CA,Menlo Park,NA,NA,NA
Data Scientist Silicon Intern,"
Intel",NA,CA,Santa Clara,NA,NA,NA
Data Scientist,"
Intel",NA,AZ,Phoenix,NA,NA,NA
"Data Scientist Intern, Oculus","
Facebook",NA,CA,Menlo Park,NA,NA,NA
Data Scientist Intern - Digital McKinsey,"
McKinsey & Company",NA,NY,New York,NA,NA,NA
Data Analytics Intern,"
Vanguard",NA,PA,Malvern,NA,NA,NA
Data Scientist,"
Schneider Electric",NA,MA,Andover,NA,NA,NA
Data Scientist,"
Ancestry",NA,CA,San Francisco,NA,NA,NA
Machine Learning Intern,NA,NA,CA,San Francisco,NA,NA,NA
"Infrastructure Data Scientist, Intern","
Facebook",NA,CA,Menlo Park,NA,NA,NA
Data Scientist,"
Microsoft",NA,WA,Redmond,NA,NA,NA
Summer 2018 Data Analyst Intern,"
Guardian Life Insurance Company",NA,NY,New York,NA,NA,NA
Data Scientist - People Analytics & Measurement,"
McKinsey & Company",NA,GA,Atlanta,NA,NA,NA
Machine Learning Engineer,"
Apple",NA,CA,Santa Clara Valley,NA,NA,NA
Principal Data Scientist - Predictive and Prescriptive Analytics,"
Verizon",NA,TX,Irving,NA,NA,NA
Data Scientist,NA,NA,TX,Austin,NA,NA,NA
Data Scientist / Data Analyst,NA,NA,CA,Sunnyvale,NA,NA,NA
Junior Data Scientist,"
Realogy Corporate",NA,CA,Emeryville,NA,NA,NA
"Product Analyst, Data Science","
Google",NA,CA,Mountain View,NA,NA,NA
Data Scientist,"
Citi",NA,TX,Irving,NA,NA,NA
Data Scientist,"
Halliburton",NA,TX,Houston,NA,NA,NA
Data Science Intern (Summer 2018),"
TiVo",NA,MA,Boston,NA,NA,NA
Data Science Summer Intern 2018,"
Grubhub",NA,NY,New York,NA,NA,NA
Statistical Programmer (Associate),"
Pfizer Inc.",NA,PA,Collegeville,NA,NA,NA
Data Scientist,"
JP Morgan Chase",NA,OH,Columbus,NA,NA,NA
Data Science Intern,"
Marvell",NA,CA,Santa Clara,NA,NA,NA
Data Science Intern,"
Huawei",NA,CA,Santa Clara,NA,NA,NA
Operations Research Data Scientist,"
Apple",NA,CA,Santa Clara Valley,NA,NA,NA
Quantitative Analytics Professional (Data Scientist),"
Freddie Mac",NA,VA,McLean,NA,NA,NA
Data Scientist,"
The Henry M. Jackson Foundation",NA,MD,Bethesda,NA,NA,NA
Data Scientist,"
Brookhaven National Laboratory",NA,NY,Upton,NA,NA,NA
Research Data Analyst 1,"
Stanford University",NA,CA,Stanford,NA,NA,NA
College Student Intern - Data Analytics,"
Lockheed Martin",NA,TX,Fort Worth,NA,NA,NA
Analytics Specialist- Operations Analysis & Performance Data Science,"
Delta Air Lines",NA,GA,Atlanta,NA,NA,NA
Data Science Scientific Programmer,"
Bristol-Myers Squibb",NA,NJ,Hopewell,NA,NA,NA
"Data Scientist, Analytics","
Facebook",NA,CA,Menlo Park,NA,NA,NA
Contract - Summer Intern in Adversarial Machine Learning,NA,NA,CA,Malibu,NA,NA,NA
Machine Learning Evangelist,"
Apple",NA,CA,Santa Clara Valley,NA,NA,NA
Machine Learning Model for Cancer Vaccine Design,"
Oak Ridge Associated Universities",NA,TN,Oak Ridge,NA,NA,NA
Failure Analysis Data Scientist,"
Apple",NA,CA,Santa Clara Valley,NA,NA,NA
"Data Scientist, Internet Services Team","
Apple",NA,CA,Santa Clara Valley,NA,NA,NA
Data Scientist I,"
GEICO",NA,MD,Chevy Chase,NA,NA,NA
Specialized Statistical Programmer (Associate),"
Pfizer Inc.",NA,CT,Groton,NA,NA,NA
Data Scientist Bachelors (Intern) - United States,"
Cisco",NA,CA,San Jose,NA,NA,NA
Data Scientist - Machine Learning,"
Lockheed Martin",NA,FL,Orlando,NA,NA,NA
Data Scientist - Predictive Analytics,"
Schneider Electric",NA,TN,Nashville,NA,NA,NA
Data Scientist Intern,"
Amazon.com",NA,WA,Seattle,NA,NA,NA
Data Science Intern,"
KAYAK",NA,MA,Cambridge,NA,NA,NA
Data Scientist (Principal),"
C.H. Robinson",NA,MN,Eden Prairie,NA,NA,NA
Data Scientist,"
The Boston Consulting Group",NA,NY,New York,NA,NA,NA
Intern- Data Science,"
VMware",NA,CA,Palo Alto,NA,NA,NA
Data Scientist,"
LumenData",NA,CA,Santa Clara,NA,NA,NA
Data Scientist-Entry Level,"
Spring Venture Group",NA,MO,Kansas City,NA,NA,NA
Data Scientist Intern,"
Honeywell",NA,MN,Golden Valley,NA,NA,NA
Data Scientist Intern,"
Domtar",NA,NC,Raleigh,NA,NA,NA
Data Scientist Intern,"
Patheon Inc.",NA,NC,Raleigh,NA,NA,NA
Data Scientist,NA,NA,OH,Dayton,NA,NA,NA
Data Scientist,"
General Electric",NA,OH,Evendale,NA,NA,NA
Data Scientist Intern,"
NIKE INC",NA,OR,Beaverton,NA,NA,NA
Data Scientist,"
Coyote Logistics",NA,IL,Chicago,NA,NA,NA
Data Scientist Intern - Summer 2018,"
Walmart eCommerce",NA,CA,San Bruno,NA,NA,NA
Data Scientist,"
Best Buy",NA,MN,Richfield,NA,NA,NA
"2018 Summer Data Science Intern - Mountain View, CA",NA,NA,CA,Mountain View,NA,NA,NA
IT Data Scientist - Grid Analytics Intern,"
Qorvo",NA,CA,San Jose,NA,NA,NA
Data Scientist,"
VideoAmp",NA,CA,Santa Monica,NA,NA,NA
Machine Learning Intern,"
Xilinx",NA,CA,San Jose,NA,NA,NA
Data Scientist,"
Chef'd",NA,CA,El Segundo,NA,NA,NA
Data Scientist,"
Beyondsoft Consulting",NA,WA,Redmond,NA,NA,NA
Data Scientist AI/ML,"
Adobe",NA,CA,San Jose,NA,NA,NA
Machine Learning Modeling Engineer,"
Corning",NA,NY,Corning,NA,NA,NA
Data Analyst,"
Microsoft",NA,WA,Redmond,NA,NA,NA
Data Scientist/Data Wrangler,"
Lenovo",NA,NC,Raleigh,NA,NA,NA
Data Science Developer Intern – Full Time – Summer 2018,"
Arrow Electronics, Inc.",NA,VA,McLean,NA,NA,NA
Senior Data Scientist,"
Sumeru Solutions",NA,CA,Palo Alto,NA,NA,NA
Data Scientist,"
CACI",NA,VA,Reston,NA,NA,NA
Data Scientist,"
Navstar, Inc.",NA,VA,Reston,NA,NA,NA
Data Analyst IT - Intern (Spring Semester 2018),"
Panasonic North America",NA,NJ,Newark,NA,NA,NA
Data Scientist,NA,NA,CA,Palo Alto,NA,NA,NA
Data Scientist,"
SAP",NA,CA,Palo Alto,NA,NA,NA
Data Scientist,NA,NA,CA,Palo Alto,NA,NA,NA
Data Science Business Analyst,"
HP",NA,TX,Houston,NA,NA,NA
Data Scientist,"
Fanatics Inc.",NA,CA,San Mateo,NA,NA,NA
Data Analyst Intern- Summer 2018,"
Wolverine Trading",NA,IL,Chicago,NA,NA,NA
Data Scientist,"
Amazon.com",NA,CA,Sunnyvale,NA,NA,NA
Business Intelligence Data Scientist,"
Chipotle Mexican Grill",NA,CO,Denver,NA,NA,NA
"A&M Data Scientist, Junior","
Booz Allen Hamilton",NA,DC,Washington,NA,NA,NA
Data Scientist,"
Ford Motor Company",NA,MI,Dearborn,NA,NA,NA
Data Engineer,"
Apple",NA,CA,Santa Clara Valley,NA,NA,NA
Data Scientist,"
Fractal Analytics",NA,NJ,Jersey City,NA,NA,NA
Data Scientist-AI,"
Land O’Lakes, Inc.",NA,MN,Arden Hills,NA,NA,NA
Pre-Sales Data Scientist - Saffron AI,"
Intel",NA,CA,San Francisco,NA,NA,NA
Data Scientist - Deep Learning,"
Veeva",NA,CA,Pleasanton,NA,NA,NA
Senior Data Scientist,"
Microsoft",NA,WA,Redmond,NA,NA,NA
Data Scientist/Deep Learning Engineer,NA,NA,MD,Aberdeen,NA,NA,NA
Data Scientist (Security),"
McAfee",NA,CA,Santa Clara,NA,NA,NA
Data Science and Machine Learning Software Engineer,"
NetApp",NA,CA,Sunnyvale,NA,NA,NA
Associate Data Scientist,"
Infogix",NA,IL,Naperville,NA,NA,NA
Data Scientist,"
Infogix",NA,IL,Naperville,NA,NA,NA
Senior Data Scientist,"
Avvo",NA,WA,Seattle,NA,NA,NA
"Data Scientist, Marketing","
eBay Inc.",NA,CA,San Jose,NA,NA,NA
Lead Machine Learning Developer,"
Staples",NA,MA,Framingham,NA,NA,NA
Senior Data Scientist/Neural Network Analyst-TS/SCI,"
NT Concepts",NA,CA,Mountain View,NA,NA,NA
Data Scientist,"
Diverse Lynx",NA,CA,Santa Clara,NA,NA,NA
Data Scientist Consultant,"
Diverse Lynx",NA,CA,Santa Clara,NA,NA,NA
Sr Data Analyst - Experient,"
Maritz Inc.",NA,MD,Frederick,NA,NA,NA
Sr. Machine Learning / Artificial Intelligence Engineer,"
LG Electronics",NA,CA,Santa Clara,NA,NA,NA
Senior Data Engineer,"
DISNEY",NA,CA,San Jose,NA,NA,NA
Senior Data Scientist and AI Engineer,"
LG Electronics",NA,CA,Santa Clara,NA,NA,NA
Principal Data Scientist - Predictive and Prescriptive Analytics,"
Verizon",NA,TX,Irving,NA,NA,NA
Data Scientist,"
First ",NA,NJ,Jersey City,NA,NA,NA
IBM Data Scientist: Apprentice,"
IBM",NA,NC,Research Triangle Park,NA,NA,NA
Data Science Intern,NA,NA,CA,La Jolla,NA,NA,NA
Data Analyst,"
Honda R&D Americas, Inc.",NA,OH,Raymond,NA,NA,NA
Intern-Data Science,"
Palo Alto Networks",NA,CA,Santa Clara,NA,NA,NA
Data Science Administrator,"
City of Santa Monica",NA,CA,Santa Monica,NA,NA,NA
Predictive Analytics and Data Science,"
Citi",NA,FL,Tampa,NA,NA,NA
Sr Data Analyst - Experient,"
Experient",NA,MD,Frederick,NA,NA,NA
Data Analyst / Data Scientist,NA,NA,NY,New York,NA,NA,NA
"VP Data Science -Artificial Intelligence, Machine Learning, Incubator Team","
Fidelity Investments",NA,NH,Merrimack,NA,NA,NA
Data Analyst,"
iCIMS",NA,NJ,Holmdel,NA,NA,NA
Data Scientist Assistant Intern,"
American Institutes for Research",NA,DC,Washington,NA,NA,NA
Data Scientist,"
McAfee",NA,CA,Santa Clara,NA,NA,NA
Data Scientist,"
Huawei",NA,CA,Santa Clara,NA,NA,NA
Data Scientist,"
Teradata",NA,CA,Santa Clara,NA,NA,NA
Junior Data Scientist/Visualist,"
OGSystems",NA,DC,Washington,NA,NA,NA
Data Scientist (Royalty Analytics),"
Spotify",NA,NY,New York,NA,NA,NA
Data Scientist,"
Lawrence Livermore National Laboratory (LLNL)",NA,CA,Livermore,NA,NA,NA
Data Scientist,"
Workbridge Associates",NA,NY,New York,NA,NA,NA
Data Analyst/Data Scientist,"
Jobspring Partners",NA,MD,Frederick,NA,NA,NA
Machine Learning- Data Science,"
TEKSystems",NA,NY,New York,NA,NA,NA
"Principal Machine Learning Scientist, Digital Practice","
Nordstrom",NA,WA,Seattle,NA,NA,NA
Machine Learning Engineer,"
TEKSystems",NA,NY,New York,NA,NA,NA
Data Scientist,"
Walmart eCommerce",NA,CA,Sunnyvale,NA,NA,NA
2018 College Intern Data Analytics - COE (Business Facing),"
Northrop Grumman",NA,VA,McLean,NA,NA,NA
Machine Learning Specialist,"
Express Scripts",NA,NJ,Franklin Lakes,NA,NA,NA
Senior Quantitative Researcher/Data Scientist,"
UBS",NA,NY,New York,NA,NA,NA
Data Scientist,"
Hertz",NA,FL,Estero,NA,NA,NA
Machine Learning Intern (Summer 2018),"
Philips Lighting",NA,MA,Cambridge,NA,NA,NA
Esports Data Science Intern,NA,NA,DC,Washington,NA,NA,NA
Senior Machine Learning Data Scientist/Engineer,"
TEKSystems",NA,NY,New York,NA,NA,NA
Machine Learning Researcher Intern,"
Amazon.com",NA,WA,Seattle,NA,NA,NA
"IT Intern, Dynamics AX Data Analyst - Summer","
Genuine Parts Company",NA,GA,Atlanta,NA,NA,NA
Machine Learning engineer,"
Techgene Solutions LLC",NA,CA,San Jose,NA,NA,NA
Java / Python AI NLP Engineer,"
Matrix Resources",NA,CA,Concord,NA,NA,NA
Sr. Developer – Machine Learning/Deep Learning,NA,NA,FL,Orlando,NA,NA,NA
Sr. Machine Learning / Artificial Intelligence Engineer,NA,NA,CT,Westport,NA,NA,NA
"Data Scientist, Platform Optimization",NA,NA,NY,New York,NA,NA,NA
NLP/ML Data Analytics Technical Architect,NA,NA,CA,Sunnyvale,NA,NA,NA
Machine Learning Engineer,NA,NA,CA,Santa Clara,NA,NA,NA
Data Scientist,NA,NA,CA,Santa Monica,NA,NA,NA
Data Scientist,NA,NA,CA,Santa Monica,NA,NA,NA
Senior Machine Learning Engineer,NA,NA,CA,San Francisco,NA,NA,NA
Senior Data Scientist,"
Accolite Inc",NA,FL,Orlando,NA,NA,NA
Computer Vision/Machine Learning Software Developer,NA,NA,MA,Lowell,NA,NA,NA
"Junior Data Analyst (SQL, Tableau)",NA,NA,MD,Frederick,NA,NA,NA
Machine Learning/Deep Learning consultant,NA,NA,FL,Orlando,NA,NA,NA
Python Engineer - Data Science,"
ConsumerTrack",NA,CA,El Segundo,NA,NA,NA
Python Engineer - Data Science,"
ConsumerTrack",NA,CA,El Segundo,NA,NA,NA
NLP/ML Data Analytics Technical Architect,NA,NA,CA,Sunnyvale,NA,NA,NA
Machine Learning Engineer,NA,NA,CA,Santa Clara,NA,NA,NA
Data Scientist,NA,NA,CA,Santa Monica,NA,NA,NA
Data Scientist,NA,NA,CA,Santa Monica,NA,NA,NA
Python Engineer - Data Science,"
ConsumerTrack",NA,CA,El Segundo,NA,NA,NA
Senior Machine Learning Engineer,NA,NA,CA,San Francisco,NA,NA,NA
NLP/ML Data Analytics Technical Architect,NA,NA,CA,Sunnyvale,NA,NA,NA
Machine Learning Engineer,NA,NA,CA,Santa Clara,NA,NA,NA
Data Scientist,NA,NA,CA,Santa Monica,NA,NA,NA
Data Scientist,NA,NA,CA,Santa Monica,NA,NA,NA
Python Engineer - Data Science,"
ConsumerTrack",NA,CA,El Segundo,NA,NA,NA
Senior Machine Learning Engineer,NA,NA,CA,San Francisco,NA,NA,NA
NLP/ML Data Analytics Technical Architect,NA,NA,CA,Sunnyvale,NA,NA,NA
Machine Learning Engineer,NA,NA,CA,Santa Clara,NA,NA,NA
Data Scientist,NA,NA,CA,Santa Monica,NA,NA,NA
Data Scientist,NA,NA,CA,Santa Monica,NA,NA,NA
Python Engineer - Data Science,"
ConsumerTrack",NA,CA,El Segundo,NA,NA,NA
Senior Machine Learning Engineer,NA,NA,CA,San Francisco,NA,NA,NA
NLP/ML Data Analytics Technical Architect,NA,NA,CA,Sunnyvale,NA,NA,NA
Machine Learning Engineer,NA,NA,CA,Santa Clara,NA,NA,NA
Data Scientist,NA,NA,CA,Santa Monica,NA,NA,NA
Data Scientist,NA,NA,CA,Santa Monica,NA,NA,NA
Senior Machine Learning Engineer,NA,NA,CA,San Francisco,NA,NA,NA
Data Science Intern,"
Intel",NA,AZ,Phoenix,NA,NA,NA
Big data hadoop developer-Spark,NA,NA,CA,Sunnyvale,NA,NA,NA
Big Data Engineer,NA,NA,CA,Sunnyvale,NA,NA,NA
Big Data Engineer,"
CapTech Consulting",NA,VA,Reston,NA,NA,NA
Big Data Engineer,NA,NA,VA,Reston,NA,NA,NA
Sr. Data Architect/Big Data Engineer,"
Seagate",NA,MN,Bloomington,NA,NA,NA
Big Data Engineer,NA,NA,VA,Reston,NA,NA,NA
Data Engineer,"
ViaSat",NA,TX,Austin,NA,NA,NA
Big Data Engineer,"
Zscaler",NA,GA,Atlanta,NA,NA,NA
Big Data Engineer,"
KPMG",NA,GA,Atlanta,NA,NA,NA
Data Engineer,"
Apple",NA,CA,Santa Clara Valley,NA,NA,NA
Data Analyst,"
JP Morgan Chase",NA,DE,Wilmington,NA,NA,NA
Big Data Engineer,NA,NA,CA,Palo Alto,NA,NA,NA
Data Analyst,"
Undertone",NA,NY,New York,NA,NA,NA
Data Analyst,"
Limeade",NA,WA,Bellevue,NA,NA,NA
Big Data Engineer,"
Equifax",NA,GA,Alpharetta,NA,NA,NA
Hadoop SRE,"
Apple",NA,CA,Santa Clara Valley,NA,NA,NA
Big Data Engineer,"
UnitedHealth Group",NA,MN,Eden Prairie,NA,NA,NA
Big Data/Hadoop Developer,"
Synechron",NA,NC,Charlotte,NA,NA,NA
Data Scientist-Entry Level,"
Spring Venture Group",NA,MO,Kansas City,NA,NA,NA
Big Data Engineer,"
IBM",NA,TX,Austin,NA,NA,NA
Apple Media Products - Big Data Engineer,"
Apple",NA,CA,Santa Clara Valley,NA,NA,NA
Big Data Engineer,NA,NA,NY,New York,NA,NA,NA
Big Data Engineer,"
Capgemini",NA,NY,New York,NA,NA,NA
Data Science Development Program- Junior Data Scientist,"
MassMutual",NA,MA,Amherst,NA,NA,NA
"Big Data ( Hadoop, SQL) Developer","
Bank of America",NA,TX,Plano,NA,NA,NA
"Data Analyst, Trust and Safety","
Google",NA,CA,Sunnyvale,NA,NA,NA
Data Engineer- Data Engineering and Emerging Technology,"
Takeda Pharmaceutical",NA,MA,Cambridge,NA,NA,NA
Big Data Engineer,"
CGI",NA,CT,Bloomfield,NA,NA,NA
Big Data Engineer,"
United Airlines Inc.",NA,TX,Houston,NA,NA,NA
Big Data Engineer,"
HP",NA,TX,Houston,NA,NA,NA
Big Data Engineer,"
Wish",NA,CA,San Francisco,NA,NA,NA
Full Stack Software Engineer - RESTful APIs and Big Data,"
JP Morgan Chase",NA,NY,New York,NA,NA,NA
Big Data Engineer,"
Works",NA,VA,Reston,NA,NA,NA
Data Engineer,"
GEICO",NA,MD,Chevy Chase,NA,NA,NA
Big Data Engineer,NA,NA,VA,Alexandria,NA,NA,NA
Data Analyst,"
Microsoft",NA,WA,Redmond,NA,NA,NA
"Big Data Engineer - Hadoop, Hive, Spark","
CVS Health",NA,TX,Richardson,NA,NA,NA
Teradata ETL Application Developer,"
Bank of America",NA,TX,Plano,NA,NA,NA
Big Data Engineer,"
SAP",NA,CA,South San Francisco,NA,NA,NA
Big Data Engineer,"
SparkCognition",NA,TX,Austin,NA,NA,NA
Big Data Engineer,"
Symphony Talent",NA,NY,New York,NA,NA,NA
Data Analytics Developer,"
Lockheed Martin",NA,TX,Fort Worth,NA,NA,NA
Big Data Engineer,"
Clarivate Analytics",NA,PA,Philadelphia,NA,NA,NA
Big Data Engineer,"
Cengage",NA,MA,Boston,NA,NA,NA
Data Science Engineer,"
Adobe",NA,CA,San Jose,NA,NA,NA
Big Data Engineer,NA,NA,MA,Boston,NA,NA,NA
Applications Developer or Digital Analytics/Data Analyst,"
Sprint",NA,KS,Overland Park,NA,NA,NA
Tableau Developer - Big Data Digital DS,"
JP Morgan Chase",NA,CA,San Francisco,NA,NA,NA
Big Data Analyst - Developer,"
PowerAdvocate, Inc",NA,MA,Boston,NA,NA,NA
Big Data Engineer,NA,NA,VA,Chantilly,NA,NA,NA
Big Data / ETL Software Engineer,"
JP Morgan Chase",NA,TX,Plano,NA,NA,NA
Data Engineer,"
Spotify",NA,NY,New York,NA,NA,NA
Data Science Engineer,"
UnitedHealth Group",NA,MN,Eden Prairie,NA,NA,NA
"GeoPython Developer, Geospatial Big Data Solutions","
DigitalGlobe",NA,CO,Westminster,NA,NA,NA
Data Engineer,"
Bank of America",NA,NC,Charlotte,NA,NA,NA
Business Intelligence & Data Analytics Manager,"
Swiftpage",NA,AZ,Scottsdale,NA,NA,NA
Quantitative Researcher (Machine Learning),NA,NA,CT,Greenwich,NA,NA,NA
Big Data/Hadoop Engineer,"
Rhapsody",NA,WA,Seattle,NA,NA,NA
Big Data Engineer,"
Realogy Corporate",NA,CA,Emeryville,NA,NA,NA
"Data Analytics Developer, Location Intelligence","
Apple",NA,CA,Santa Clara Valley,NA,NA,NA
Jr Level Data Analyst,"
Leidos",NA,VA,Reston,NA,NA,NA
Big Data Engineer,"
Prudential",NA,NJ,Newark,NA,NA,NA
Data Science Engineer,"
UPMC",NA,PA,Pittsburgh,NA,NA,NA
Machine Learning Software Engineer,"
Lenovo",NA,NC,Raleigh,NA,NA,NA
Data Scientist/Data Wrangler,"
Lenovo",NA,NC,Raleigh,NA,NA,NA
Machine Learning Engineer (Natural Language),NA,NA,PA,Pittsburgh,NA,NA,NA
BIG DATA ENGINEER,"
Moffitt Cancer Center",NA,FL,Tampa,NA,NA,NA
"Software Engineer/Data Scientist, NLP","
Twitter",NA,CA,San Francisco,NA,NA,NA
Machine Learning Software Dev Engineer,"
Amazon Corporate LLC",NA,CA,Palo Alto,NA,NA,NA
Business Analyst / Data Scientist,"
Credit Suisse",NA,NY,New York,NA,NA,NA
Machine Learning Software Engineer Intern,"
Raytheon",NA,CA,Sunnyvale,NA,NA,NA
Data Scientist Intern (Summer 2018),"
Electronic Arts",NA,CA,Redwood City,NA,NA,NA
Machine Learning Engineer,"
Lenovo",NA,NC,Raleigh,NA,NA,NA
"Machine Learning Researcher, Platform Architecture","
Apple",NA,WA,Seattle,NA,NA,NA
Data Science Engineer,"
LendingTree",NA,NC,Charlotte,NA,NA,NA
VIE - IoT and Big Data Engineer - Andover H/F,"
Schneider Electric",NA,MA,Andover,NA,NA,NA
Hadoop Developer,NA,NA,OR,Beaverton,NA,NA,NA
Data Analyst,"
Dassault Falcon Jet",NA,AR,Little Rock,NA,NA,NA
Data Analyst,"
healthgrades",NA,CO,Denver,NA,NA,NA
Big Data Engineer II,"
Amazon.com",NA,CA,Palo Alto,NA,NA,NA
Data Scientist - Entry/Mid-Level,"
National Security Agency",NA,MD,Fort Meade,NA,NA,NA
Data Engineer (ETL),"
C.H. Robinson",NA,MN,Eden Prairie,NA,NA,NA
Hadoop Developer,"
FutureNet Group, Inc",NA,MI,Dearborn,NA,NA,NA
Data Analyst,"
Pattern Energy",NA,TX,Houston,NA,NA,NA
Data Engineer,"
The Kraft Group",NA,MA,Foxborough,NA,NA,NA
Big Data / Hadoop – Database Developer 2,"
Epsilon",NA,CO,Broomfield,NA,NA,NA
Big Data / Hadoop – Database Developer 2,"
AllianceData",NA,CO,Broomfield,NA,NA,NA
Data Scientist Intern (Summer 2018),"
Electronic Arts",NA,CA,Redwood City,NA,NA,NA
Data Engineer,"
Transamerica",NA,TX,Plano,NA,NA,NA
Data Analyst,"
Leidos",NA,VA,Reston,NA,NA,NA
Data Engineer,"
Sportradar",NA,CA,Menlo Park,NA,NA,NA
Data Engineer,NA,NA,CA,Menlo Park,NA,NA,NA
Big Data Engineer,"
MONSANTO",NA,MO,St. Louis,NA,NA,NA
Data Analyst,"
MultiView, Inc.",NA,TX,Irving,NA,NA,NA
Hadoop Developer,NA,NA,TX,Plano,NA,NA,NA
Data Analyst,"
Honda R&D Americas, Inc.",NA,OH,Raymond,NA,NA,NA
Data Engineer - Big Data & Spark,"
Savi Technology",NA,VA,Alexandria,NA,NA,NA
Data Scientist Intern - New Ventures Campus,"
McKinsey & Company",NA,GA,Atlanta,NA,NA,NA
Data Science Engineer,NA,NA,IL,Chicago,NA,NA,NA
"Sr. Manager, Analytics & Data Science","
Volkswagen Group of America, Inc.",NA,VA,Herndon,NA,NA,NA
Data Science Engineer,"
Salesforce",NA,CA,Palo Alto,NA,NA,NA
Data Science Engineer,"
Salesforce",NA,CA,Palo Alto,NA,NA,NA
Software Engineer - Machine Learning,"
Yelp",NA,CA,San Francisco,NA,NA,NA
Maps Search - Engineer/Data Scientist,"
Apple",NA,CA,Santa Clara Valley,NA,NA,NA
Data Scientist,"
The Boston Consulting Group",NA,NY,New York,NA,NA,NA
Software Engineer II - Machine Learning,"
Jet Propulsion Laboratory",NA,CA,Pasadena,NA,NA,NA
"Research Scientist, Machine Learning / Artificial Intelligence","
Disney Parks & Resorts",NA,CA,Glendale,NA,NA,NA
Machine Learning Engineer - Intern,"
FactSet Research Systems",NA,NY,New York,NA,NA,NA
"Machine Learning Engineer, Amazon AI","
Amazon Web Services, Inc.",NA,CA,Palo Alto,NA,NA,NA
Machine Learning Engineer,NA,NA,CA,Palo Alto,NA,NA,NA
DATA SCIENTIST 2,"
Microsoft",NA,WA,Redmond,NA,NA,NA
Machine Learning Engineer,"
Apple",NA,MA,Cambridge,NA,NA,NA
Junior Data Scientist,"
SAP",NA,CA,Palo Alto,NA,NA,NA
Machine Learning Engineer,"
FactSet Research Systems",NA,TX,Austin,NA,NA,NA
Machine Learning Scientist,"
Microsoft",NA,WA,Redmond,NA,NA,NA
Data Science Research & Development - Internship,NA,NA,IL,Chicago,NA,NA,NA
Data Science Engineer,NA,NA,CA,San Francisco,NA,NA,NA
Data Science Engineer,"
Autodesk",NA,CA,San Francisco,NA,NA,NA
Healthcare & Life Sciences - Data Scientist,"
KPMG",NA,GA,Atlanta,NA,NA,NA
"Research Scientist, Machine Learning and Intelligence","
Google",NA,CA,Mountain View,NA,NA,NA
Machine Learning Engineer,"
Cisco",NA,CA,San Jose,NA,NA,NA
Associate - Cognitive Data Scientist Natural Language Processing,"
KPMG",NA,IL,Chicago,NA,NA,NA
Maps Search and Machine Learning Engineer/Scientist,"
Apple",NA,CA,Santa Clara Valley,NA,NA,NA
"Data Scientist, Population and Survey Sciences","
Facebook",NA,CA,Menlo Park,NA,NA,NA
Machine Learning Engineer,"
Novetta",NA,FL,Tampa,NA,NA,NA
Machine Learning Engineer,"
Twitter",NA,CA,San Francisco,NA,NA,NA
Machine Learning Infrastructure Engineer,"
Twitter",NA,CA,San Francisco,NA,NA,NA
Machine Learning Engineer (Recommendation/Text/Deep Learning),NA,NA,CA,San Francisco,NA,NA,NA
Machine Learning Engineer,NA,NA,CA,Pasadena,NA,NA,NA
Data Scientist,"
Bank of America",NA,NC,Charlotte,NA,NA,NA
"Software Firmware Engineer, Google Hardware Machine Learning","
Google",NA,CA,Mountain View,NA,NA,NA
"Software Engineer, Machine Learning","
Google",NA,CA,Mountain View,NA,NA,NA
"Data Scientist Research Intern - FLA - Sunnyvale, CA","
Fujitsu",NA,CA,Sunnyvale,NA,NA,NA
"Data Scientist, Analytics","
Change Healthcare",NA,GA,Alpharetta,NA,NA,NA
"Associate, Data Scientist - Government","
KPMG",NA,DC,Washington,NA,NA,NA
Machine Learning Modeling Engineer,"
Corning",NA,NY,Corning,NA,NA,NA
Data Scientist - Taxonomy,"
Clarivate Analytics",NA,PA,Philadelphia,NA,NA,NA
"Associate, Data Scientist","
KPMG",NA,DC,Washington,NA,NA,NA
RQN045- Data Scientist,"
Virginia Tech Applied Research Corporation",NA,VA,Arlington,NA,NA,NA
Artificial Intelligence - Machine Learning Eng,"
Intel",NA,CA,San Francisco,NA,NA,NA
Senior Principal Data Engineer,"
Apple",NA,CA,Santa Clara Valley,NA,NA,NA
Data Scientist (Temp-to-Hire),NA,NA,NC,Charlotte,NA,NA,NA
"Software Engineer, Cloud Machine Learning","
Google",NA,CA,Mountain View,NA,NA,NA
Machine Learning Cloud Consultant,"
Google",NA,CA,Mountain View,NA,NA,NA
Machine Learning Scientist,"
Huawei",NA,CA,Santa Clara,NA,NA,NA
Actuarial Data Scientist,"
MassMutual",NA,NY,New York,NA,NA,NA
Big Data Scientist- Machine Learning/AI Programming,"
Humana",NA,TX,Irving,NA,NA,NA
Data Scientist- NLP,NA,NA,CA,Santa Clara,NA,NA,NA
Graduate Data Scientist,NA,NA,CA,San Jose,NA,NA,NA
Data Scientist,NA,NA,NY,New York,NA,NA,NA
Data Scientist,"
Best Buy",NA,MN,Richfield,NA,NA,NA
Machine Learning Engineer,NA,NA,VA,Herndon,NA,NA,NA
Software Engineer Machine Learning,"
Intecon",NA,CA,Pasadena,NA,NA,NA
ML Data Scientist,"
eviCore healthcare",NA,MA,Boston,NA,NA,NA
Graduate Data Scientist,"
ARM",NA,CA,San Jose,NA,NA,NA
Data Scientist - 1219757,"
Cisco",NA,CA,San Jose,NA,NA,NA
Associate Data Scientist,"
Highmark Health",NA,PA,Pittsburgh,NA,NA,NA
Machine Learning Scientist,"
Adobe",NA,CA,San Jose,NA,NA,NA
Data Scientist,"
SAP",NA,CA,Palo Alto,NA,NA,NA
"Data Scientist, Machine Learning & AI","
Etsy",NA,CA,San Francisco,NA,NA,NA
R&D Data Engineer,NA,NA,NY,New York,NA,NA,NA
Research Scientist (Machine Learning),"
NVIDIA",NA,MA,Westford,NA,NA,NA
Natural Language Processing Data Engineer,"
Apple",NA,CA,Santa Clara Valley,NA,NA,NA
Data Scientist Mentor,"
Excella Consulting",NA,VA,Blacksburg,NA,NA,NA
17-18 Campus - Machine Learning Engineer,"
TripAdvisor",NA,MA,Needham,NA,NA,NA
Data Scientist,NA,NA,SC,Florianópolis,NA,NA,NA
Data Scientist,NA,NA,SC,Florianópolis,NA,NA,NA
Analista Desenvolvedor Data Scientist,NA,NA,SC,Florianópolis,NA,NA,NA
Data Scientist,NA,NA,SC,Florianópolis,NA,NA,NA
=======
MassMutual",NA,Amherst,MA,NA,NA,NA
Entry-Level Cognitive / AI / Machine Learning Software Developer,"
IBM",NA,Austin,TX,NA,NA,NA
PHP/MySQL Programmer,NA,NA,Austin,TX,NA,NA,NA
Python Programmer Job,"
SAIC",NA,Monterey,CA,NA,NA,NA
BI Analyst,NA,NA,San Francisco,CA,NA,NA,NA
L2- Jr. SQL Developer,"
Gartner, Inc.",NA,New York,NY,NA,NA,NA
BI Analyst,NA,NA,San Francisco,CA,NA,NA,NA
Data Engineer,"
Apple",NA,Santa Clara Valley,CA,NA,NA,NA
Supply Chain Data Scientist/Analyst,"
Apple",NA,Santa Clara Valley,CA,NA,NA,NA
Data Insights Analyst (Advanced SQL Needed),"
C.H. Robinson",NA,Eden Prairie,MN,NA,NA,NA
Junior Data Scientist,"
The World Bank",NA,Washington,DC,NA,NA,NA
Junior Data Scientist,"
CGI",NA,Washington,DC,NA,NA,NA
Python Junior Developer,"
Akuna Capital",NA,Chicago,IL,NA,NA,NA
"Jr. Python Developer Washington, DC",NA,NA,Washington,DC,NA,NA,NA
Business Intelligence Analyst,"
Apple",NA,Santa Clara Valley,CA,NA,NA,NA
Senior Data Analyst,"
Intellipro Group Inc.",NA,Mountain View,CA,NA,NA,NA
Python (Django) Web Developer with FoodTech Startup,NA,NA,San Francisco,CA,NA,NA,NA
Business Intelligence Analyst,"
Apple",NA,Santa Clara Valley,CA,NA,NA,NA
Entry Level Python Software Developer,"
Leidos",NA,Baltimore,MD,NA,NA,NA
"Data Scientist/Quantitative Analyst, Engineering, University Graduate","
Google",NA,Mountain View,CA,NA,NA,NA
Data Engineer,"
National Oilwell Varco",NA,Houston,TX,NA,NA,NA
Product Analyst,NA,NA,San Francisco,CA,NA,NA,NA
Machine Learning Engineer Intern (Spring),"
KAYAK",NA,Cambridge,MA,NA,NA,NA
Product Analyst,"
ezCater",NA,Boston,MA,NA,NA,NA
Product Analyst,"
UPC Insurance",NA,Saint Petersburg,FL,NA,NA,NA
Data Analyst,"
Perfect World Entertainment",NA,Redwood City,CA,NA,NA,NA
"Director of Data Engineering - Periscope, New Ventures","
McKinsey & Company",NA,Atlanta,GA,NA,NA,NA
Data Scientist / Data Analyst,NA,NA,Sunnyvale,CA,NA,NA,NA
Data Engineer,"
Bank of America",NA,Charlotte,NC,NA,NA,NA
Data Analyst,"
iCIMS",NA,Holmdel,NJ,NA,NA,NA
BI Analyst,NA,NA,Philadelphia,PA,NA,NA,NA
Data Analyst / Data Scientist,NA,NA,New York,NY,NA,NA,NA
Data Analyst,"
Pattern Energy",NA,Houston,TX,NA,NA,NA
"Data Scientist/Quantitative Analyst, Engineering, University Graduate","
Google",NA,Mountain View,CA,NA,NA,NA
Machine Learning Intern (Summer 2018),"
Philips Lighting",NA,Cambridge,MA,NA,NA,NA
BI Analyst,NA,NA,New York,NY,NA,NA,NA
L2- Jr. SQL Developer,"
Gartner, Inc.",NA,New York,NY,NA,NA,NA
Senior Big Data Engineer,"
Sumeru Solutions",NA,Reston,VA,NA,NA,NA
Data Analyst,"
Morgan Stanley",NA,New York,NY,NA,NA,NA
"2018 Summer Data Science Intern - Mountain View, CA",NA,NA,Mountain View,CA,NA,NA,NA
Senior Data Scientist: Health Outcomes,"
Cigna",NA,Raleigh,NC,NA,NA,NA
Spark Developer with Python/Machine Learning,"
Intellisoft Technologies",NA,San Antonio,TX,NA,NA,NA
Statistician,"
Microsoft",NA,Redmond,WA,NA,NA,NA
Software Engineering and Data Analytics Intern (Summer 2018),"
Philips Lighting",NA,Cambridge,MA,NA,NA,NA
Machine Learning Researcher Intern,"
Amazon.com",NA,Seattle,WA,NA,NA,NA
Python Developer,"
Booz Allen Hamilton",NA,Herndon,VA,NA,NA,NA
Product Analyst,"
ezCater",NA,Boston,MA,NA,NA,NA
"Data Engineer, Junior","
Booz Allen Hamilton",NA,Herndon,VA,NA,NA,NA
Data Analyst - Entry Level,"
Auto-Owners Insurance",NA,Lansing,MI,NA,NA,NA
"Data Scientist/Quantitative Analyst, Engineering, University Graduate","
Google",NA,Mountain View,CA,NA,NA,NA
Business Intelligence Analyst,"
adMarketplace",NA,New York,NY,NA,NA,NA
Business Intelligence Analyst,"
DBRS",NA,New York,NY,NA,NA,NA
Data Science Intern (Summer 2018),"
Philips Lighting",NA,Cambridge,MA,NA,NA,NA
Data Analyst,"
CGI",NA,Washington,DC,NA,NA,NA
Product Analyst,"
Lending Club",NA,San Francisco,CA,NA,NA,NA
Data Scientist,"
C.H. Robinson",NA,Eden Prairie,MN,NA,NA,NA
Product Analyst,"
Safe Auto Insurance Company",NA,Columbus,OH,NA,NA,NA
"Data Analyst, Junior","
Booz Allen Hamilton",NA,Herndon,VA,NA,NA,NA
Data Analyst,"
Corning",NA,Painted Post,NY,NA,NA,NA
Data Science Intern,"
Intel",NA,Phoenix,AZ,NA,NA,NA
Data Engineer,"
NAMCO BANDAI",NA,Santa Clara,CA,NA,NA,NA
Data Engineer,"
Intellipro Group Inc.",NA,Santa Clara,CA,NA,NA,NA
Data Engineer,"
Walmart eCommerce",NA,Sunnyvale,CA,NA,NA,NA
Data Analyst,"
GoHealth",NA,Chicago,IL,NA,NA,NA
Product Data Analyst,"
Hulu",NA,Seattle,WA,NA,NA,NA
2018 GDI&A Entry Level Data Scientist / Analyst,"
Ford Motor Company",NA,Dearborn,MI,NA,NA,NA
Jr Data Modeler/ETL Developer,"
Leidos",NA,Bethesda,MD,NA,NA,NA
Data Engineer,NA,NA,Mountain View,CA,NA,NA,NA
Data Engineer,"
BMW North America",NA,Mountain View,CA,NA,NA,NA
Data Engineer,NA,NA,Mountain View,CA,NA,NA,NA
Data Engineer,NA,NA,Mountain View,CA,NA,NA,NA
Data Engineer,NA,NA,Palo Alto,CA,NA,NA,NA
"Payments Business Intelligence, App Store Analytics","
Apple",NA,Santa Clara Valley,CA,NA,NA,NA
Data Engineer,"
National Oilwell Varco",NA,Houston,TX,NA,NA,NA
Business Intelligence Analyst,"
Favor",NA,Austin,TX,NA,NA,NA
Jr. Data Engineer,NA,NA,Chicago,IL,NA,NA,NA
Business Intelligence Analyst,"
Comcast",NA,New York,NY,NA,NA,NA
Product Analyst,NA,NA,San Francisco,CA,NA,NA,NA
Business Intelligence Analyst,"
etouch systems",NA,Fremont,CA,NA,NA,NA
Machine Learning Engineer - Intern,"
FactSet Research Systems",NA,New York,NY,NA,NA,NA
Data Analyst,"
Cisco",NA,San Jose,CA,NA,NA,NA
Data Scientist / Data Analyst,"
Hyperloop One",NA,Los Angeles,CA,NA,NA,NA
Business Intelligence Analyst,"
Stanford University",NA,Stanford,CA,NA,NA,NA
Machine Learning Engineer,NA,NA,Chicago,IL,NA,NA,NA
"Research Scientist, Machine Learning / Artificial Intelligence","
Disney Parks & Resorts",NA,Glendale,CA,NA,NA,NA
Machine Learning Engineer (REF 20170417JK),NA,NA,Palo Alto,CA,NA,NA,NA
Artificial Intelligence & Data Scientist,"
Twentieth Century Fox",NA,Los Angeles,CA,NA,NA,NA
Business Intelligence Analyst,"
Stanford University",NA,Stanford,CA,NA,NA,NA
Data Analyst,"
Cisco",NA,San Jose,CA,NA,NA,NA
Machine Learning Engineer - Intern,"
FactSet Research Systems",NA,New York,NY,NA,NA,NA
Product Analyst,NA,NA,San Francisco,CA,NA,NA,NA
"Statistician/Data Scientist - Junior, Mid & Senior","
OGSystems",NA,Springfield,VA,NA,NA,NA
Data Scientist / Data Analyst,"
Hyperloop One",NA,Los Angeles,CA,NA,NA,NA
"Learning Scientist/Data Analyst, Facebook Blueprint","
Facebook",NA,Menlo Park,CA,NA,NA,NA
"Learning Scientist/Data Analyst, Facebook Blueprint","
Facebook",NA,Menlo Park,CA,NA,NA,NA
Product Analyst,"
Tempus",NA,Chicago,IL,NA,NA,NA
Business Intelligence Analyst,"
Fareportal Inc.",NA,New York,NY,NA,NA,NA
Business Intelligence Analyst,"
CBS Interactive",NA,New York,NY,NA,NA,NA
Data Engineer,NA,NA,Reston,VA,NA,NA,NA
Data Engineer,NA,NA,Reston,VA,NA,NA,NA
"Payments Business Intelligence, App Store Analytics","
Apple",NA,Santa Clara Valley,CA,NA,NA,NA
"Python / Perl Developer (at Washington, DC)","
Leidos",NA,Washington,DC,NA,NA,NA
Business Intelligence Analyst,NA,NA,Minneapolis,MN,NA,NA,NA
Junior Data Scientist,"
Realogy Corporate",NA,Emeryville,CA,NA,NA,NA
Machine Learning / Artificial Intelligence Scientist,"
Ford Motor Company",NA,Palo Alto,CA,NA,NA,NA
"Research Scientist, Machine Learning and Intelligence","
Google",NA,Mountain View,CA,NA,NA,NA
Intern - Machine Learning Performance Metrics,"
Intel",NA,Santa Clara,CA,NA,NA,NA
"Vice President, Data Science - Machine Learning","
Wunderman",NA,Dallas,TX,NA,NA,NA
"Vice President, Data Science","
MetLife",NA,Cary,NC,NA,NA,NA
ENGINEER - RESEARCH ENGINEER - MACHINE LEARNING,"
Southwest Research Institute",NA,San Antonio,TX,NA,NA,NA
"Software Engineer, Machine Learning","
Google",NA,Mountain View,CA,NA,NA,NA
Maps Search - Engineer/Data Scientist,"
Apple",NA,Santa Clara Valley,CA,NA,NA,NA
Senior Software Engineer - Machine Learning,"
Splunk",NA,San Francisco,CA,NA,NA,NA
Machine Learning Architect- Intern,"
Micron",NA,Seattle,WA,NA,NA,NA
Data Scientist for Robotic & Cognitive Automation,"
Citi",NA,Tampa,FL,NA,NA,NA
Data Scientist/Data Wrangler,"
Lenovo",NA,Raleigh,NC,NA,NA,NA
Machine Learning Engineer,"
Avvo",NA,Seattle,WA,NA,NA,NA
"Software Engineer, Cloud Machine Learning","
Google",NA,Mountain View,CA,NA,NA,NA
Machine Learning Cloud Consultant,"
Google",NA,New York,NY,NA,NA,NA
Machine Learning Engineer,"
Lenovo",NA,Raleigh,NC,NA,NA,NA
Machine Learning Software Engineer,"
Lenovo",NA,Raleigh,NC,NA,NA,NA
Machine Learning Researcher - CIPHER - 1568,"
Georgia Tech Research Institute",NA,Atlanta,GA,NA,NA,NA
Data Scientist - People Analytics & Measurement,"
McKinsey & Company",NA,Atlanta,GA,NA,NA,NA
Machine Learning Engineer,NA,NA,Los Altos,CA,NA,NA,NA
"UX Researcher, Machine Learning","
HubSpot",NA,Cambridge,MA,NA,NA,NA
Senior AI Data Scientist,"
Honeywell",NA,Atlanta,GA,NA,NA,NA
Machine Learning Researcher,NA,NA,Austin,TX,NA,NA,NA
Machine Learning Engineer,"
Lenovo",NA,Raleigh,NC,NA,NA,NA
"Software Engineer, Machine Learning","
Facebook",NA,Menlo Park,CA,NA,NA,NA
Data Scientist,"
Schneider Electric",NA,Andover,MA,NA,NA,NA
Machine Learning Researcher - CIPHER - 1568,"
Georgia Tech Research Institute",NA,Atlanta,GA,NA,NA,NA
Data Scientist - People Analytics & Measurement,"
McKinsey & Company",NA,Atlanta,GA,NA,NA,NA
Machine Intelligence Engineer,NA,NA,Colorado Springs,CO,NA,NA,NA
Data Scientist for Robotic & Cognitive Automation,"
Citi",NA,Tampa,FL,NA,NA,NA
Data Engineer - AWS Artificial Intelligence,"
Amazon.com",NA,Seattle,WA,NA,NA,NA
Machine Learning Architect- Intern,"
Micron",NA,Seattle,WA,NA,NA,NA
Data Scientist,"
Microsoft",NA,Bellevue,WA,NA,NA,NA
"Software Engineer, Machine Learning","
Google",NA,Mountain View,CA,NA,NA,NA
Senior Software Engineer - Machine Learning,"
Splunk",NA,San Francisco,CA,NA,NA,NA
Machine Learning Engineer,"
Avvo",NA,Seattle,WA,NA,NA,NA
Senior Data Scientist,"
Cargill",NA,Plymouth,MN,NA,NA,NA
Data Science Development Program- Junior Data Scientist,"
MassMutual",NA,Amherst,MA,NA,NA,NA
Data Analyst,"
Government of the District of Columbia",NA,Washington,DC,NA,NA,NA
Data Analyst,"
Emory University",NA,Atlanta,GA,NA,NA,NA
Data Analyst,"
Dassault Falcon Jet",NA,Little Rock,AR,NA,NA,NA
"Data Analyst, Consumer Hardware","
Google",NA,Mountain View,CA,NA,NA,NA
Data Analyst - Media,"
Apple",NA,Santa Clara Valley,CA,NA,NA,NA
Data Engineer,"
Apple",NA,Santa Clara Valley,CA,NA,NA,NA
Data Analyst,"
Microsoft",NA,Redmond,WA,NA,NA,NA
Data Scientist,"
Apple",NA,Santa Clara Valley,CA,NA,NA,NA
Data Analyst,NA,NA,New York,NY,NA,NA,NA
Data Analyst,"
JP Morgan Chase",NA,Wilmington,DE,NA,NA,NA
Enablement Programs Business Intelligence Analyst,"
Apple",NA,Santa Clara Valley,CA,NA,NA,NA
Data Analyst,"
healthgrades",NA,Denver,CO,NA,NA,NA
"Data Scientist/Quantitative Analyst, Engineering","
Google",NA,Mountain View,CA,NA,NA,NA
"Data Analyst, Emory Division of Hospital Medicine","
Emory University",NA,Atlanta,GA,NA,NA,NA
Data Analyst,"
Cisco",NA,Research Triangle Park,NC,NA,NA,NA
Data Science Analyst - Periscope,"
McKinsey & Company",NA,San Jose,CA,NA,NA,NA
Data Analyst,"
A-Max Insurance",NA,Dallas,TX,NA,NA,NA
Data Analyst,"
Northeast Ohio Regional Sewer District",NA,Cleveland,OH,NA,NA,NA
Data Scientist / Data Analyst,NA,NA,Sunnyvale,CA,NA,NA,NA
Data Analyst,"
Pattern Energy",NA,Houston,TX,NA,NA,NA
Data Analyst,"
MultiView, Inc.",NA,Irving,TX,NA,NA,NA
Data Analyst,"
Honda R&D Americas, Inc.",NA,Raymond,OH,NA,NA,NA
Business data Analyst,"
RBC",NA,Jersey City,NJ,NA,NA,NA
Data Analyst,"
University at Buffalo",NA,Buffalo,NY,NA,NA,NA
Data Engineer,"
GEICO",NA,Chevy Chase,MD,NA,NA,NA
Data Scientist - Machine Learning,"
Lockheed Martin",NA,Orlando,FL,NA,NA,NA
Machine Learning Intern SAN FRANCISCOMEMBER OF TECHNICAL STAFFINTERNSHIP,NA,NA,San Francisco,CA,NA,NA,NA
"Data Scientist (Machine Learning & Natural Language), Siri","
Apple",NA,Santa Clara Valley,CA,NA,NA,NA
"Software Engineer, Machine Learning","
Google",NA,Mountain View,CA,NA,NA,NA
Data Scientist,"
C.H. Robinson",NA,Eden Prairie,MN,NA,NA,NA
2018 Image Data Scientist Intern,"
Merck",NA,West Point,PA,NA,NA,NA
Associate Machine Learning Engineer,"
eharmony",NA,Los Angeles,CA,NA,NA,NA
Failure Analysis Data Scientist,"
Apple",NA,Santa Clara Valley,CA,NA,NA,NA
Health Sensing Data Scientist,"
Apple",NA,Santa Clara Valley,CA,NA,NA,NA
Data Analyst,"
Houston-Galveston Area Council",NA,Houston,TX,NA,NA,NA
"Business Intelligence Analyst - Overland Park, KS","
Cargill",NA,Overland Park,KS,NA,NA,NA
Data Analyst II - Schedule,"
Capital Metro",NA,Austin,TX,NA,NA,NA
Healthcare Data Analyst,"
MetroPlus Health Plan",NA,New York,NY,NA,NA,NA
Data Engineer,"
Bank of America",NA,Charlotte,NC,NA,NA,NA
Machine Learning Engineer,NA,NA,Los Altos,CA,NA,NA,NA
Algorithm Developer in Machine Learning,NA,NA,Dulles,VA,NA,NA,NA
Machine Learning Scientist,"
Microsoft",NA,Redmond,WA,NA,NA,NA
Data Scientist,"
Intel",NA,Phoenix,AZ,NA,NA,NA
Assistant Research Biostatistician - Psychiatry & Behavioral Sciences,"
Memorial Sloan Kettering",NA,New York,NY,NA,NA,NA
Business Data Analyst,"
Intuit",NA,Mountain View,CA,NA,NA,NA
Data Analyst,"
Penn State University",NA,University Park,PA,NA,NA,NA
Data Engineer,"
Transamerica",NA,Plano,TX,NA,NA,NA
Big Data Engineer,"
McKinsey & Company",NA,Atlanta,GA,NA,NA,NA
Machine Learning Engineer (Associate) - Intelligent Solutions,"
JP Morgan Chase",NA,New York,NY,NA,NA,NA
Data Scientist Intern,"
Patheon Inc.",NA,Raleigh,NC,NA,NA,NA
Artificial Intelligence/Machine Learning Specialist,"
Amazon.com",NA,New York,NY,NA,NA,NA
Machine Learning / Artificial Intelligence Scientist,"
Ford Motor Company",NA,Palo Alto,CA,NA,NA,NA
Data Scientist Intern,"
NIKE INC",NA,Beaverton,OR,NA,NA,NA
Machine Learning Intern,"
Xilinx",NA,San Jose,CA,NA,NA,NA
Data Science & Machine Learning Engineer- iPhone Operations,"
Apple",NA,Santa Clara Valley,CA,NA,NA,NA
Machine Learning A.I. Software Engineer,"
Applied Research Associates, Inc",NA,Raleigh,NC,NA,NA,NA
"Data Scientist/Quantitative Analyst, Engineering","
Google",NA,Mountain View,CA,NA,NA,NA
Data Science Intern,"
Intel",NA,Phoenix,AZ,NA,NA,NA
"Machine Learning Engineer, Amazon AI","
Amazon Web Services, Inc.",NA,Palo Alto,CA,NA,NA,NA
Entry-Level Cognitive / AI / Machine Learning Software Developer,"
IBM",NA,Austin,TX,NA,NA,NA
Computer Vision/Machine Learning Engineer,"
Apple",NA,Santa Clara Valley,CA,NA,NA,NA
Data Scientist,"
Apple",NA,Santa Clara Valley,CA,NA,NA,NA
"Machine Learning Engineer, Predictive Intelligence","
Apple",NA,Santa Clara Valley,CA,NA,NA,NA
Machine Learning Intern,NA,NA,San Francisco,CA,NA,NA,NA
"Handwriting Recognition and Machine Learning Engineer, Frameworks","
Apple",NA,Santa Clara Valley,CA,NA,NA,NA
Big Data Scientist- Machine Learning/AI Programming,"
Humana",NA,Irving,TX,NA,NA,NA
Machine Learning Researcher Intern,"
Amazon.com",NA,Seattle,WA,NA,NA,NA
Machine Learning Engineer,"
Lenovo",NA,Raleigh,NC,NA,NA,NA
Machine Learning and Computer Vision Architect - Platform Architecture,"
Apple",NA,Santa Clara Valley,CA,NA,NA,NA
Machine Learning Engineer,NA,NA,Los Altos,CA,NA,NA,NA
Failure Analysis Data Scientist,"
Apple",NA,Santa Clara Valley,CA,NA,NA,NA
Health Sensing Data Scientist,"
Apple",NA,Santa Clara Valley,CA,NA,NA,NA
Machine Learning Engineer,NA,NA,Palo Alto,CA,NA,NA,NA
Data Engineer,"
Apple",NA,Santa Clara Valley,CA,NA,NA,NA
Machine Learning Graduate Intern,"
Mitre Corporation",NA,San Diego,CA,NA,NA,NA
Machine Intelligence Scientist & Engineer,"
Draper",NA,Reston,VA,NA,NA,NA
Data Scientist,"
JP Morgan Chase",NA,Columbus,OH,NA,NA,NA
Computer Vision Data Engineer - Technology Development Group,"
Apple",NA,Santa Clara Valley,CA,NA,NA,NA
Machine Learning Engineer Intern (Spring),"
KAYAK",NA,Cambridge,MA,NA,NA,NA
Operations Research Data Scientist,"
Apple",NA,Santa Clara Valley,CA,NA,NA,NA
"2018 Summer Data Science Intern - Mountain View, CA",NA,NA,Mountain View,CA,NA,NA,NA
Machine Learning Intern,"
Mitek Systems",NA,San Diego,CA,NA,NA,NA
Junior Quantitative Researcher - Machine Learning,"
Akuna Capital",NA,Chicago,IL,NA,NA,NA
Associate - Machine Learning,"
McKinsey & Company",NA,New York,NY,NA,NA,NA
Maps Search and Machine Learning Engineer/Scientist,"
Apple",NA,Santa Clara Valley,CA,NA,NA,NA
Data Analyst - Entry Level,"
Auto-Owners Insurance",NA,Lansing,MI,NA,NA,NA
Data Analyst,"
Perfect World Entertainment",NA,Redwood City,CA,NA,NA,NA
Data Scientist / Data Analyst,"
Hyperloop One",NA,Los Angeles,CA,NA,NA,NA
Machine Learning Engineer - QuantumBlack,"
McKinsey & Company",NA,Boston,MA,NA,NA,NA
Mathematical Modeling Data Scientist,"
Oak Ridge Associated Universities",NA,Research Triangle Park,NC,NA,NA,NA
"Applied Researcher, Machine Learning","
Apple",NA,Santa Clara Valley,CA,NA,NA,NA
Machine Learning Expert (Intelligent Algorithms),"
JP Morgan Chase",NA,Chicago,IL,NA,NA,NA
Machine Learning Researcher,"
Apple",NA,Santa Clara Valley,CA,NA,NA,NA
Machine Learning Software Dev Engineer,"
Amazon Corporate LLC",NA,Palo Alto,CA,NA,NA,NA
Data Scientist,"
Microsoft",NA,Redmond,WA,NA,NA,NA
Machine Learning Engineer,"
Twitter",NA,San Francisco,CA,NA,NA,NA
Machine Learning Accelerator Architect,"
Google",NA,Mountain View,CA,NA,NA,NA
Data Scientist,"
The Boston Consulting Group",NA,New York,NY,NA,NA,NA
Cognitive / AI / Machine Learning Software Developer Internship 2018,"
IBM",NA,Austin,TX,NA,NA,NA
Data Scientist,"
General Electric",NA,Evendale,OH,NA,NA,NA
"Software Engineer, Machine Learning","
Facebook",NA,Menlo Park,CA,NA,NA,NA
Machine Learning Intern (Summer 2018),"
Philips Lighting",NA,Cambridge,MA,NA,NA,NA
Machine Learning Engineer,NA,NA,Sunnyvale,CA,NA,NA,NA
Systems Engineer (Entry Level) Machine Learning,"
SRC, Inc.",NA,Syracuse,NY,NA,NA,NA
Natural Language Processing Data Engineer,"
Apple",NA,Santa Clara Valley,CA,NA,NA,NA
Machine Learning Software Engineer,"
JP Morgan Chase",NA,Jersey City,NJ,NA,NA,NA
Machine Learning Engineer - Intelligent Solutions,"
JP Morgan Chase",NA,New York,NY,NA,NA,NA
Intern-Data Science,"
Palo Alto Networks",NA,Santa Clara,CA,NA,NA,NA
Data Scientist / Software Developer,"
Tessella",NA,Houston,TX,NA,NA,NA
Data Scientist,"
CACI",NA,Reston,VA,NA,NA,NA
Maps Search - Engineer/Data Scientist,"
Apple",NA,Santa Clara Valley,CA,NA,NA,NA
Junior Data Analyst (3+ months),"
SEIU 775 Benefits Group",NA,Seattle,WA,NA,NA,NA
Machine Learning Software Engineer,"
Lenovo",NA,Raleigh,NC,NA,NA,NA
"Machine Learning / AI Engineer, Data Stream","
Workday",NA,San Francisco,CA,NA,NA,NA
Data Scientist - MTS,"
Salesforce",NA,Cambridge,MA,NA,NA,NA
Data Science Intern,"
KAYAK",NA,Cambridge,MA,NA,NA,NA
Data Scientist,"
Ford Motor Company",NA,Dearborn,MI,NA,NA,NA
Data Science Intern (Summer 2018),"
Philips Lighting",NA,Cambridge,MA,NA,NA,NA
Machine Learning Engineer,"
TransUnion",NA,Chicago,IL,NA,NA,NA
Post Masters Student-Machine Learning Algorithms Developer,"
Los Alamos National Laboratory",NA,Los Alamos,NM,NA,NA,NA
Business Intelligence Data Scientist,"
Chipotle Mexican Grill",NA,Denver,CO,NA,NA,NA
Machine Learning Engineer,"
JP Morgan Chase",NA,San Francisco,CA,NA,NA,NA
Research and Development Engineer (Systems and Data Analyst),"
Penn State University",NA,University Park,PA,NA,NA,NA
Intern - Machine Learning Performance Metrics,"
Intel",NA,Santa Clara,CA,NA,NA,NA
Data Scientist Intern (Summer 2018),"
Electronic Arts",NA,Redwood City,CA,NA,NA,NA
Data Scientist Intern,"
Amazon.com",NA,Seattle,WA,NA,NA,NA
Machine Learning Evangelist,"
Apple",NA,Santa Clara Valley,CA,NA,NA,NA
Junior Data Scientist,"
SAP",NA,Palo Alto,CA,NA,NA,NA
"Data Scientist (Machine Learning & Natural Language), Siri","
Apple",NA,Santa Clara Valley,CA,NA,NA,NA
Data Scientist,NA,NA,Washington,DC,NA,NA,NA
Senior Data Analyst,"
Intellipro Group Inc.",NA,Mountain View,CA,NA,NA,NA
Data Scientist,"
Sumeru Solutions",NA,Palo Alto,CA,NA,NA,NA
"Data Scientist Research Intern - FLA - Sunnyvale, CA","
Fujitsu",NA,Sunnyvale,CA,NA,NA,NA
Data Scientist,"
CapTech Consulting",NA,Charlotte,NC,NA,NA,NA
Junior Data Scientist,"
The World Bank",NA,Washington,DC,NA,NA,NA
Data Scientist,"
MassMutual",NA,Boston,MA,NA,NA,NA
Data Scientist,"
Bank of America",NA,Charlotte,NC,NA,NA,NA
Data Scientist Intern (Summer 2018),"
Electronic Arts",NA,Redwood City,CA,NA,NA,NA
"Core Data Science, PhD Intern/Co-op (2018)","
Facebook",NA,Menlo Park,CA,NA,NA,NA
Data Scientist Silicon Intern,"
Intel",NA,Santa Clara,CA,NA,NA,NA
Data Scientist,"
Intel",NA,Phoenix,AZ,NA,NA,NA
"Data Scientist Intern, Oculus","
Facebook",NA,Menlo Park,CA,NA,NA,NA
Data Scientist Intern - Digital McKinsey,"
McKinsey & Company",NA,New York,NY,NA,NA,NA
Data Analytics Intern,"
Vanguard",NA,Malvern,PA,NA,NA,NA
Data Scientist,"
Schneider Electric",NA,Andover,MA,NA,NA,NA
Data Scientist,"
Ancestry",NA,San Francisco,CA,NA,NA,NA
Machine Learning Intern,NA,NA,San Francisco,CA,NA,NA,NA
"Infrastructure Data Scientist, Intern","
Facebook",NA,Menlo Park,CA,NA,NA,NA
Data Scientist,"
Microsoft",NA,Redmond,WA,NA,NA,NA
Summer 2018 Data Analyst Intern,"
Guardian Life Insurance Company",NA,New York,NY,NA,NA,NA
Data Scientist - People Analytics & Measurement,"
McKinsey & Company",NA,Atlanta,GA,NA,NA,NA
Machine Learning Engineer,"
Apple",NA,Santa Clara Valley,CA,NA,NA,NA
Principal Data Scientist - Predictive and Prescriptive Analytics,"
Verizon",NA,Irving,TX,NA,NA,NA
Data Scientist,NA,NA,Austin,TX,NA,NA,NA
Data Scientist / Data Analyst,NA,NA,Sunnyvale,CA,NA,NA,NA
Junior Data Scientist,"
Realogy Corporate",NA,Emeryville,CA,NA,NA,NA
"Product Analyst, Data Science","
Google",NA,Mountain View,CA,NA,NA,NA
Data Scientist,"
Citi",NA,Irving,TX,NA,NA,NA
Data Scientist,"
Halliburton",NA,Houston,TX,NA,NA,NA
Data Science Intern (Summer 2018),"
TiVo",NA,Boston,MA,NA,NA,NA
Data Science Summer Intern 2018,"
Grubhub",NA,New York,NY,NA,NA,NA
Statistical Programmer (Associate),"
Pfizer Inc.",NA,Collegeville,PA,NA,NA,NA
Data Scientist,"
JP Morgan Chase",NA,Columbus,OH,NA,NA,NA
Data Science Intern,"
Marvell",NA,Santa Clara,CA,NA,NA,NA
Data Science Intern,"
Huawei",NA,Santa Clara,CA,NA,NA,NA
Operations Research Data Scientist,"
Apple",NA,Santa Clara Valley,CA,NA,NA,NA
Quantitative Analytics Professional (Data Scientist),"
Freddie Mac",NA,McLean,VA,NA,NA,NA
Data Scientist,"
The Henry M. Jackson Foundation",NA,Bethesda,MD,NA,NA,NA
Data Scientist,"
Brookhaven National Laboratory",NA,Upton,NY,NA,NA,NA
Research Data Analyst 1,"
Stanford University",NA,Stanford,CA,NA,NA,NA
College Student Intern - Data Analytics,"
Lockheed Martin",NA,Fort Worth,TX,NA,NA,NA
Analytics Specialist- Operations Analysis & Performance Data Science,"
Delta Air Lines",NA,Atlanta,GA,NA,NA,NA
Data Science Scientific Programmer,"
Bristol-Myers Squibb",NA,Hopewell,NJ,NA,NA,NA
"Data Scientist, Analytics","
Facebook",NA,Menlo Park,CA,NA,NA,NA
Contract - Summer Intern in Adversarial Machine Learning,NA,NA,Malibu,CA,NA,NA,NA
Machine Learning Evangelist,"
Apple",NA,Santa Clara Valley,CA,NA,NA,NA
Machine Learning Model for Cancer Vaccine Design,"
Oak Ridge Associated Universities",NA,Oak Ridge,TN,NA,NA,NA
Failure Analysis Data Scientist,"
Apple",NA,Santa Clara Valley,CA,NA,NA,NA
"Data Scientist, Internet Services Team","
Apple",NA,Santa Clara Valley,CA,NA,NA,NA
Data Scientist I,"
GEICO",NA,Chevy Chase,MD,NA,NA,NA
Specialized Statistical Programmer (Associate),"
Pfizer Inc.",NA,Groton,CT,NA,NA,NA
Data Scientist Bachelors (Intern) - United States,"
Cisco",NA,San Jose,CA,NA,NA,NA
Data Scientist - Machine Learning,"
Lockheed Martin",NA,Orlando,FL,NA,NA,NA
Data Scientist - Predictive Analytics,"
Schneider Electric",NA,Nashville,TN,NA,NA,NA
Data Scientist Intern,"
Amazon.com",NA,Seattle,WA,NA,NA,NA
Data Science Intern,"
KAYAK",NA,Cambridge,MA,NA,NA,NA
Data Scientist (Principal),"
C.H. Robinson",NA,Eden Prairie,MN,NA,NA,NA
Data Scientist,"
The Boston Consulting Group",NA,New York,NY,NA,NA,NA
Intern- Data Science,"
VMware",NA,Palo Alto,CA,NA,NA,NA
Data Scientist,"
LumenData",NA,Santa Clara,CA,NA,NA,NA
Data Scientist-Entry Level,"
Spring Venture Group",NA,Kansas City,MO,NA,NA,NA
Data Scientist Intern,"
Honeywell",NA,Golden Valley,MN,NA,NA,NA
Data Scientist Intern,"
Domtar",NA,Raleigh,NC,NA,NA,NA
Data Scientist Intern,"
Patheon Inc.",NA,Raleigh,NC,NA,NA,NA
Data Scientist,NA,NA,Dayton,OH,NA,NA,NA
Data Scientist,"
General Electric",NA,Evendale,OH,NA,NA,NA
Data Scientist Intern,"
NIKE INC",NA,Beaverton,OR,NA,NA,NA
Data Scientist,"
Coyote Logistics",NA,Chicago,IL,NA,NA,NA
Data Scientist Intern - Summer 2018,"
Walmart eCommerce",NA,San Bruno,CA,NA,NA,NA
Data Scientist,"
Best Buy",NA,Richfield,MN,NA,NA,NA
"2018 Summer Data Science Intern - Mountain View, CA",NA,NA,Mountain View,CA,NA,NA,NA
IT Data Scientist - Grid Analytics Intern,"
Qorvo",NA,San Jose,CA,NA,NA,NA
Data Scientist,"
VideoAmp",NA,Santa Monica,CA,NA,NA,NA
Machine Learning Intern,"
Xilinx",NA,San Jose,CA,NA,NA,NA
Data Scientist,"
Chef'd",NA,El Segundo,CA,NA,NA,NA
Data Scientist,"
Beyondsoft Consulting",NA,Redmond,WA,NA,NA,NA
Data Scientist AI/ML,"
Adobe",NA,San Jose,CA,NA,NA,NA
Machine Learning Modeling Engineer,"
Corning",NA,Corning,NY,NA,NA,NA
Data Analyst,"
Microsoft",NA,Redmond,WA,NA,NA,NA
Data Scientist/Data Wrangler,"
Lenovo",NA,Raleigh,NC,NA,NA,NA
Data Science Developer Intern – Full Time – Summer 2018,"
Arrow Electronics, Inc.",NA,McLean,VA,NA,NA,NA
Senior Data Scientist,"
Sumeru Solutions",NA,Palo Alto,CA,NA,NA,NA
Data Scientist,"
CACI",NA,Reston,VA,NA,NA,NA
Data Scientist,"
Navstar, Inc.",NA,Reston,VA,NA,NA,NA
Data Analyst IT - Intern (Spring Semester 2018),"
Panasonic North America",NA,Newark,NJ,NA,NA,NA
Data Scientist,NA,NA,Palo Alto,CA,NA,NA,NA
Data Scientist,"
SAP",NA,Palo Alto,CA,NA,NA,NA
Data Scientist,NA,NA,Palo Alto,CA,NA,NA,NA
Data Science Business Analyst,"
HP",NA,Houston,TX,NA,NA,NA
Data Scientist,"
Fanatics Inc.",NA,San Mateo,CA,NA,NA,NA
Data Analyst Intern- Summer 2018,"
Wolverine Trading",NA,Chicago,IL,NA,NA,NA
Data Scientist,"
Amazon.com",NA,Sunnyvale,CA,NA,NA,NA
Business Intelligence Data Scientist,"
Chipotle Mexican Grill",NA,Denver,CO,NA,NA,NA
"A&M Data Scientist, Junior","
Booz Allen Hamilton",NA,Washington,DC,NA,NA,NA
Data Scientist,"
Ford Motor Company",NA,Dearborn,MI,NA,NA,NA
Data Engineer,"
Apple",NA,Santa Clara Valley,CA,NA,NA,NA
Data Scientist,"
Fractal Analytics",NA,Jersey City,NJ,NA,NA,NA
Data Scientist-AI,"
Land O’Lakes, Inc.",NA,Arden Hills,MN,NA,NA,NA
Pre-Sales Data Scientist - Saffron AI,"
Intel",NA,San Francisco,CA,NA,NA,NA
Data Scientist - Deep Learning,"
Veeva",NA,Pleasanton,CA,NA,NA,NA
Senior Data Scientist,"
Microsoft",NA,Redmond,WA,NA,NA,NA
Data Scientist/Deep Learning Engineer,NA,NA,Aberdeen,MD,NA,NA,NA
Data Scientist (Security),"
McAfee",NA,Santa Clara,CA,NA,NA,NA
Data Science and Machine Learning Software Engineer,"
NetApp",NA,Sunnyvale,CA,NA,NA,NA
Associate Data Scientist,"
Infogix",NA,Naperville,IL,NA,NA,NA
Data Scientist,"
Infogix",NA,Naperville,IL,NA,NA,NA
Senior Data Scientist,"
Avvo",NA,Seattle,WA,NA,NA,NA
"Data Scientist, Marketing","
eBay Inc.",NA,San Jose,CA,NA,NA,NA
Lead Machine Learning Developer,"
Staples",NA,Framingham,MA,NA,NA,NA
Senior Data Scientist/Neural Network Analyst-TS/SCI,"
NT Concepts",NA,Mountain View,CA,NA,NA,NA
Data Scientist,"
Diverse Lynx",NA,Santa Clara,CA,NA,NA,NA
Data Scientist Consultant,"
Diverse Lynx",NA,Santa Clara,CA,NA,NA,NA
Sr Data Analyst - Experient,"
Maritz Inc.",NA,Frederick,MD,NA,NA,NA
Sr. Machine Learning / Artificial Intelligence Engineer,"
LG Electronics",NA,Santa Clara,CA,NA,NA,NA
Senior Data Engineer,"
DISNEY",NA,San Jose,CA,NA,NA,NA
Senior Data Scientist and AI Engineer,"
LG Electronics",NA,Santa Clara,CA,NA,NA,NA
Principal Data Scientist - Predictive and Prescriptive Analytics,"
Verizon",NA,Irving,TX,NA,NA,NA
Data Scientist,"
First ",NA,Jersey City,NJ,NA,NA,NA
IBM Data Scientist: Apprentice,"
IBM",NA,Research Triangle Park,NC,NA,NA,NA
Data Science Intern,NA,NA,La Jolla,CA,NA,NA,NA
Data Analyst,"
Honda R&D Americas, Inc.",NA,Raymond,OH,NA,NA,NA
Intern-Data Science,"
Palo Alto Networks",NA,Santa Clara,CA,NA,NA,NA
Data Science Administrator,"
City of Santa Monica",NA,Santa Monica,CA,NA,NA,NA
Predictive Analytics and Data Science,"
Citi",NA,Tampa,FL,NA,NA,NA
Sr Data Analyst - Experient,"
Experient",NA,Frederick,MD,NA,NA,NA
Data Analyst / Data Scientist,NA,NA,New York,NY,NA,NA,NA
"VP Data Science -Artificial Intelligence, Machine Learning, Incubator Team","
Fidelity Investments",NA,Merrimack,NH,NA,NA,NA
Data Analyst,"
iCIMS",NA,Holmdel,NJ,NA,NA,NA
Data Scientist Assistant Intern,"
American Institutes for Research",NA,Washington,DC,NA,NA,NA
Data Scientist,"
McAfee",NA,Santa Clara,CA,NA,NA,NA
Data Scientist,"
Huawei",NA,Santa Clara,CA,NA,NA,NA
Data Scientist,"
Teradata",NA,Santa Clara,CA,NA,NA,NA
Junior Data Scientist/Visualist,"
OGSystems",NA,Washington,DC,NA,NA,NA
Data Scientist (Royalty Analytics),"
Spotify",NA,New York,NY,NA,NA,NA
Data Scientist,"
Lawrence Livermore National Laboratory (LLNL)",NA,Livermore,CA,NA,NA,NA
Data Scientist,"
Workbridge Associates",NA,New York,NY,NA,NA,NA
Data Analyst/Data Scientist,"
Jobspring Partners",NA,Frederick,MD,NA,NA,NA
Machine Learning- Data Science,"
TEKSystems",NA,New York,NY,NA,NA,NA
"Principal Machine Learning Scientist, Digital Practice","
Nordstrom",NA,Seattle,WA,NA,NA,NA
Machine Learning Engineer,"
TEKSystems",NA,New York,NY,NA,NA,NA
Data Scientist,"
Walmart eCommerce",NA,Sunnyvale,CA,NA,NA,NA
2018 College Intern Data Analytics - COE (Business Facing),"
Northrop Grumman",NA,McLean,VA,NA,NA,NA
Machine Learning Specialist,"
Express Scripts",NA,Franklin Lakes,NJ,NA,NA,NA
Senior Quantitative Researcher/Data Scientist,"
UBS",NA,New York,NY,NA,NA,NA
Data Scientist,"
Hertz",NA,Estero,FL,NA,NA,NA
Machine Learning Intern (Summer 2018),"
Philips Lighting",NA,Cambridge,MA,NA,NA,NA
Esports Data Science Intern,NA,NA,Washington,DC,NA,NA,NA
Senior Machine Learning Data Scientist/Engineer,"
TEKSystems",NA,New York,NY,NA,NA,NA
Machine Learning Researcher Intern,"
Amazon.com",NA,Seattle,WA,NA,NA,NA
"IT Intern, Dynamics AX Data Analyst - Summer","
Genuine Parts Company",NA,Atlanta,GA,NA,NA,NA
Machine Learning engineer,"
Techgene Solutions LLC",NA,San Jose,CA,NA,NA,NA
Java / Python AI NLP Engineer,"
Matrix Resources",NA,Concord,CA,NA,NA,NA
Sr. Developer – Machine Learning/Deep Learning,NA,NA,Orlando,FL,NA,NA,NA
Sr. Machine Learning / Artificial Intelligence Engineer,NA,NA,Westport,CT,NA,NA,NA
"Data Scientist, Platform Optimization",NA,NA,New York,NY,NA,NA,NA
NLP/ML Data Analytics Technical Architect,NA,NA,Sunnyvale,CA,NA,NA,NA
Machine Learning Engineer,NA,NA,Santa Clara,CA,NA,NA,NA
Data Scientist,NA,NA,Santa Monica,CA,NA,NA,NA
Data Scientist,NA,NA,Santa Monica,CA,NA,NA,NA
Senior Machine Learning Engineer,NA,NA,San Francisco,CA,NA,NA,NA
Senior Data Scientist,"
Accolite Inc",NA,Orlando,FL,NA,NA,NA
Computer Vision/Machine Learning Software Developer,NA,NA,Lowell,MA,NA,NA,NA
"Junior Data Analyst (SQL, Tableau)",NA,NA,Frederick,MD,NA,NA,NA
Machine Learning/Deep Learning consultant,NA,NA,Orlando,FL,NA,NA,NA
Python Engineer - Data Science,"
ConsumerTrack",NA,El Segundo,CA,NA,NA,NA
Python Engineer - Data Science,"
ConsumerTrack",NA,El Segundo,CA,NA,NA,NA
NLP/ML Data Analytics Technical Architect,NA,NA,Sunnyvale,CA,NA,NA,NA
Machine Learning Engineer,NA,NA,Santa Clara,CA,NA,NA,NA
Data Scientist,NA,NA,Santa Monica,CA,NA,NA,NA
Data Scientist,NA,NA,Santa Monica,CA,NA,NA,NA
Python Engineer - Data Science,"
ConsumerTrack",NA,El Segundo,CA,NA,NA,NA
Senior Machine Learning Engineer,NA,NA,San Francisco,CA,NA,NA,NA
NLP/ML Data Analytics Technical Architect,NA,NA,Sunnyvale,CA,NA,NA,NA
Machine Learning Engineer,NA,NA,Santa Clara,CA,NA,NA,NA
Data Scientist,NA,NA,Santa Monica,CA,NA,NA,NA
Data Scientist,NA,NA,Santa Monica,CA,NA,NA,NA
Python Engineer - Data Science,"
ConsumerTrack",NA,El Segundo,CA,NA,NA,NA
Senior Machine Learning Engineer,NA,NA,San Francisco,CA,NA,NA,NA
NLP/ML Data Analytics Technical Architect,NA,NA,Sunnyvale,CA,NA,NA,NA
Machine Learning Engineer,NA,NA,Santa Clara,CA,NA,NA,NA
Data Scientist,NA,NA,Santa Monica,CA,NA,NA,NA
Data Scientist,NA,NA,Santa Monica,CA,NA,NA,NA
Python Engineer - Data Science,"
ConsumerTrack",NA,El Segundo,CA,NA,NA,NA
Senior Machine Learning Engineer,NA,NA,San Francisco,CA,NA,NA,NA
NLP/ML Data Analytics Technical Architect,NA,NA,Sunnyvale,CA,NA,NA,NA
Machine Learning Engineer,NA,NA,Santa Clara,CA,NA,NA,NA
Data Scientist,NA,NA,Santa Monica,CA,NA,NA,NA
Data Scientist,NA,NA,Santa Monica,CA,NA,NA,NA
Senior Machine Learning Engineer,NA,NA,San Francisco,CA,NA,NA,NA
Data Science Intern,"
Intel",NA,Phoenix,AZ,NA,NA,NA
Big data hadoop developer-Spark,NA,NA,Sunnyvale,CA,NA,NA,NA
Big Data Engineer,NA,NA,Sunnyvale,CA,NA,NA,NA
Big Data Engineer,"
CapTech Consulting",NA,Reston,VA,NA,NA,NA
Big Data Engineer,NA,NA,Reston,VA,NA,NA,NA
Sr. Data Architect/Big Data Engineer,"
Seagate",NA,Bloomington,MN,NA,NA,NA
Big Data Engineer,NA,NA,Reston,VA,NA,NA,NA
Data Engineer,"
ViaSat",NA,Austin,TX,NA,NA,NA
Big Data Engineer,"
Zscaler",NA,Atlanta,GA,NA,NA,NA
Big Data Engineer,"
KPMG",NA,Atlanta,GA,NA,NA,NA
Data Engineer,"
Apple",NA,Santa Clara Valley,CA,NA,NA,NA
Data Analyst,"
JP Morgan Chase",NA,Wilmington,DE,NA,NA,NA
Big Data Engineer,NA,NA,Palo Alto,CA,NA,NA,NA
Data Analyst,"
Undertone",NA,New York,NY,NA,NA,NA
Data Analyst,"
Limeade",NA,Bellevue,WA,NA,NA,NA
Big Data Engineer,"
Equifax",NA,Alpharetta,GA,NA,NA,NA
Hadoop SRE,"
Apple",NA,Santa Clara Valley,CA,NA,NA,NA
Big Data Engineer,"
UnitedHealth Group",NA,Eden Prairie,MN,NA,NA,NA
Big Data/Hadoop Developer,"
Synechron",NA,Charlotte,NC,NA,NA,NA
Data Scientist-Entry Level,"
Spring Venture Group",NA,Kansas City,MO,NA,NA,NA
Big Data Engineer,"
IBM",NA,Austin,TX,NA,NA,NA
Apple Media Products - Big Data Engineer,"
Apple",NA,Santa Clara Valley,CA,NA,NA,NA
Big Data Engineer,NA,NA,New York,NY,NA,NA,NA
Big Data Engineer,"
Capgemini",NA,New York,NY,NA,NA,NA
Data Science Development Program- Junior Data Scientist,"
MassMutual",NA,Amherst,MA,NA,NA,NA
"Big Data ( Hadoop, SQL) Developer","
Bank of America",NA,Plano,TX,NA,NA,NA
"Data Analyst, Trust and Safety","
Google",NA,Sunnyvale,CA,NA,NA,NA
Data Engineer- Data Engineering and Emerging Technology,"
Takeda Pharmaceutical",NA,Cambridge,MA,NA,NA,NA
Big Data Engineer,"
CGI",NA,Bloomfield,CT,NA,NA,NA
Big Data Engineer,"
United Airlines Inc.",NA,Houston,TX,NA,NA,NA
Big Data Engineer,"
HP",NA,Houston,TX,NA,NA,NA
Big Data Engineer,"
Wish",NA,San Francisco,CA,NA,NA,NA
Full Stack Software Engineer - RESTful APIs and Big Data,"
JP Morgan Chase",NA,New York,NY,NA,NA,NA
Big Data Engineer,"
Works",NA,Reston,VA,NA,NA,NA
Data Engineer,"
GEICO",NA,Chevy Chase,MD,NA,NA,NA
Big Data Engineer,NA,NA,Alexandria,VA,NA,NA,NA
Data Analyst,"
Microsoft",NA,Redmond,WA,NA,NA,NA
"Big Data Engineer - Hadoop, Hive, Spark","
CVS Health",NA,Richardson,TX,NA,NA,NA
Teradata ETL Application Developer,"
Bank of America",NA,Plano,TX,NA,NA,NA
Big Data Engineer,"
SAP",NA,South San Francisco,CA,NA,NA,NA
Big Data Engineer,"
SparkCognition",NA,Austin,TX,NA,NA,NA
Big Data Engineer,"
Symphony Talent",NA,New York,NY,NA,NA,NA
Data Analytics Developer,"
Lockheed Martin",NA,Fort Worth,TX,NA,NA,NA
Big Data Engineer,"
Clarivate Analytics",NA,Philadelphia,PA,NA,NA,NA
Big Data Engineer,"
Cengage",NA,Boston,MA,NA,NA,NA
Data Science Engineer,"
Adobe",NA,San Jose,CA,NA,NA,NA
Big Data Engineer,NA,NA,Boston,MA,NA,NA,NA
Applications Developer or Digital Analytics/Data Analyst,"
Sprint",NA,Overland Park,KS,NA,NA,NA
Tableau Developer - Big Data Digital DS,"
JP Morgan Chase",NA,San Francisco,CA,NA,NA,NA
Big Data Analyst - Developer,"
PowerAdvocate, Inc",NA,Boston,MA,NA,NA,NA
Big Data Engineer,NA,NA,Chantilly,VA,NA,NA,NA
Big Data / ETL Software Engineer,"
JP Morgan Chase",NA,Plano,TX,NA,NA,NA
Data Engineer,"
Spotify",NA,New York,NY,NA,NA,NA
Data Science Engineer,"
UnitedHealth Group",NA,Eden Prairie,MN,NA,NA,NA
"GeoPython Developer, Geospatial Big Data Solutions","
DigitalGlobe",NA,Westminster,CO,NA,NA,NA
Data Engineer,"
Bank of America",NA,Charlotte,NC,NA,NA,NA
Business Intelligence & Data Analytics Manager,"
Swiftpage",NA,Scottsdale,AZ,NA,NA,NA
Quantitative Researcher (Machine Learning),NA,NA,Greenwich,CT,NA,NA,NA
Big Data/Hadoop Engineer,"
Rhapsody",NA,Seattle,WA,NA,NA,NA
Big Data Engineer,"
Realogy Corporate",NA,Emeryville,CA,NA,NA,NA
"Data Analytics Developer, Location Intelligence","
Apple",NA,Santa Clara Valley,CA,NA,NA,NA
Jr Level Data Analyst,"
Leidos",NA,Reston,VA,NA,NA,NA
Big Data Engineer,"
Prudential",NA,Newark,NJ,NA,NA,NA
Data Science Engineer,"
UPMC",NA,Pittsburgh,PA,NA,NA,NA
Machine Learning Software Engineer,"
Lenovo",NA,Raleigh,NC,NA,NA,NA
Data Scientist/Data Wrangler,"
Lenovo",NA,Raleigh,NC,NA,NA,NA
Machine Learning Engineer (Natural Language),NA,NA,Pittsburgh,PA,NA,NA,NA
BIG DATA ENGINEER,"
Moffitt Cancer Center",NA,Tampa,FL,NA,NA,NA
"Software Engineer/Data Scientist, NLP","
Twitter",NA,San Francisco,CA,NA,NA,NA
Machine Learning Software Dev Engineer,"
Amazon Corporate LLC",NA,Palo Alto,CA,NA,NA,NA
Business Analyst / Data Scientist,"
Credit Suisse",NA,New York,NY,NA,NA,NA
Machine Learning Software Engineer Intern,"
Raytheon",NA,Sunnyvale,CA,NA,NA,NA
Data Scientist Intern (Summer 2018),"
Electronic Arts",NA,Redwood City,CA,NA,NA,NA
Machine Learning Engineer,"
Lenovo",NA,Raleigh,NC,NA,NA,NA
"Machine Learning Researcher, Platform Architecture","
Apple",NA,Seattle,WA,NA,NA,NA
Data Science Engineer,"
LendingTree",NA,Charlotte,NC,NA,NA,NA
VIE - IoT and Big Data Engineer - Andover H/F,"
Schneider Electric",NA,Andover,MA,NA,NA,NA
Hadoop Developer,NA,NA,Beaverton,OR,NA,NA,NA
Data Analyst,"
Dassault Falcon Jet",NA,Little Rock,AR,NA,NA,NA
Data Analyst,"
healthgrades",NA,Denver,CO,NA,NA,NA
Big Data Engineer II,"
Amazon.com",NA,Palo Alto,CA,NA,NA,NA
Data Scientist - Entry/Mid-Level,"
National Security Agency",NA,Fort Meade,MD,NA,NA,NA
Data Engineer (ETL),"
C.H. Robinson",NA,Eden Prairie,MN,NA,NA,NA
Hadoop Developer,"
FutureNet Group, Inc",NA,Dearborn,MI,NA,NA,NA
Data Analyst,"
Pattern Energy",NA,Houston,TX,NA,NA,NA
Data Engineer,"
The Kraft Group",NA,Foxborough,MA,NA,NA,NA
Big Data / Hadoop – Database Developer 2,"
Epsilon",NA,Broomfield,CO,NA,NA,NA
Big Data / Hadoop – Database Developer 2,"
AllianceData",NA,Broomfield,CO,NA,NA,NA
Data Scientist Intern (Summer 2018),"
Electronic Arts",NA,Redwood City,CA,NA,NA,NA
Data Engineer,"
Transamerica",NA,Plano,TX,NA,NA,NA
Data Analyst,"
Leidos",NA,Reston,VA,NA,NA,NA
Data Engineer,"
Sportradar",NA,Menlo Park,CA,NA,NA,NA
Data Engineer,NA,NA,Menlo Park,CA,NA,NA,NA
Big Data Engineer,"
MONSANTO",NA,St. Louis,MO,NA,NA,NA
Data Analyst,"
MultiView, Inc.",NA,Irving,TX,NA,NA,NA
Hadoop Developer,NA,NA,Plano,TX,NA,NA,NA
Data Analyst,"
Honda R&D Americas, Inc.",NA,Raymond,OH,NA,NA,NA
Data Engineer - Big Data & Spark,"
Savi Technology",NA,Alexandria,VA,NA,NA,NA
Data Scientist Intern - New Ventures Campus,"
McKinsey & Company",NA,Atlanta,GA,NA,NA,NA
Data Science Engineer,NA,NA,Chicago,IL,NA,NA,NA
"Sr. Manager, Analytics & Data Science","
Volkswagen Group of America, Inc.",NA,Herndon,VA,NA,NA,NA
Data Science Engineer,"
Salesforce",NA,Palo Alto,CA,NA,NA,NA
Data Science Engineer,"
Salesforce",NA,Palo Alto,CA,NA,NA,NA
Software Engineer - Machine Learning,"
Yelp",NA,San Francisco,CA,NA,NA,NA
Maps Search - Engineer/Data Scientist,"
Apple",NA,Santa Clara Valley,CA,NA,NA,NA
Data Scientist,"
The Boston Consulting Group",NA,New York,NY,NA,NA,NA
Software Engineer II - Machine Learning,"
Jet Propulsion Laboratory",NA,Pasadena,CA,NA,NA,NA
"Research Scientist, Machine Learning / Artificial Intelligence","
Disney Parks & Resorts",NA,Glendale,CA,NA,NA,NA
Machine Learning Engineer - Intern,"
FactSet Research Systems",NA,New York,NY,NA,NA,NA
"Machine Learning Engineer, Amazon AI","
Amazon Web Services, Inc.",NA,Palo Alto,CA,NA,NA,NA
Machine Learning Engineer,NA,NA,Palo Alto,CA,NA,NA,NA
DATA SCIENTIST 2,"
Microsoft",NA,Redmond,WA,NA,NA,NA
Machine Learning Engineer,"
Apple",NA,Cambridge,MA,NA,NA,NA
Junior Data Scientist,"
SAP",NA,Palo Alto,CA,NA,NA,NA
Machine Learning Engineer,"
FactSet Research Systems",NA,Austin,TX,NA,NA,NA
Machine Learning Scientist,"
Microsoft",NA,Redmond,WA,NA,NA,NA
Data Science Research & Development - Internship,NA,NA,Chicago,IL,NA,NA,NA
Data Science Engineer,NA,NA,San Francisco,CA,NA,NA,NA
Data Science Engineer,"
Autodesk",NA,San Francisco,CA,NA,NA,NA
Healthcare & Life Sciences - Data Scientist,"
KPMG",NA,Atlanta,GA,NA,NA,NA
"Research Scientist, Machine Learning and Intelligence","
Google",NA,Mountain View,CA,NA,NA,NA
Machine Learning Engineer,"
Cisco",NA,San Jose,CA,NA,NA,NA
Associate - Cognitive Data Scientist Natural Language Processing,"
KPMG",NA,Chicago,IL,NA,NA,NA
Maps Search and Machine Learning Engineer/Scientist,"
Apple",NA,Santa Clara Valley,CA,NA,NA,NA
"Data Scientist, Population and Survey Sciences","
Facebook",NA,Menlo Park,CA,NA,NA,NA
Machine Learning Engineer,"
Novetta",NA,Tampa,FL,NA,NA,NA
Machine Learning Engineer,"
Twitter",NA,San Francisco,CA,NA,NA,NA
Machine Learning Infrastructure Engineer,"
Twitter",NA,San Francisco,CA,NA,NA,NA
Machine Learning Engineer (Recommendation/Text/Deep Learning),NA,NA,San Francisco,CA,NA,NA,NA
Machine Learning Engineer,NA,NA,Pasadena,CA,NA,NA,NA
Data Scientist,"
Bank of America",NA,Charlotte,NC,NA,NA,NA
"Software Firmware Engineer, Google Hardware Machine Learning","
Google",NA,Mountain View,CA,NA,NA,NA
"Software Engineer, Machine Learning","
Google",NA,Mountain View,CA,NA,NA,NA
"Data Scientist Research Intern - FLA - Sunnyvale, CA","
Fujitsu",NA,Sunnyvale,CA,NA,NA,NA
"Data Scientist, Analytics","
Change Healthcare",NA,Alpharetta,GA,NA,NA,NA
"Associate, Data Scientist - Government","
KPMG",NA,Washington,DC,NA,NA,NA
Machine Learning Modeling Engineer,"
Corning",NA,Corning,NY,NA,NA,NA
Data Scientist - Taxonomy,"
Clarivate Analytics",NA,Philadelphia,PA,NA,NA,NA
"Associate, Data Scientist","
KPMG",NA,Washington,DC,NA,NA,NA
RQN045- Data Scientist,"
Virginia Tech Applied Research Corporation",NA,Arlington,VA,NA,NA,NA
Artificial Intelligence - Machine Learning Eng,"
Intel",NA,San Francisco,CA,NA,NA,NA
Senior Principal Data Engineer,"
Apple",NA,Santa Clara Valley,CA,NA,NA,NA
Data Scientist (Temp-to-Hire),NA,NA,Charlotte,NC,NA,NA,NA
"Software Engineer, Cloud Machine Learning","
Google",NA,Mountain View,CA,NA,NA,NA
Machine Learning Cloud Consultant,"
Google",NA,Mountain View,CA,NA,NA,NA
Machine Learning Scientist,"
Huawei",NA,Santa Clara,CA,NA,NA,NA
Actuarial Data Scientist,"
MassMutual",NA,New York,NY,NA,NA,NA
Big Data Scientist- Machine Learning/AI Programming,"
Humana",NA,Irving,TX,NA,NA,NA
Data Scientist- NLP,NA,NA,Santa Clara,CA,NA,NA,NA
Graduate Data Scientist,NA,NA,San Jose,CA,NA,NA,NA
Data Scientist,NA,NA,New York,NY,NA,NA,NA
Data Scientist,"
Best Buy",NA,Richfield,MN,NA,NA,NA
Machine Learning Engineer,NA,NA,Herndon,VA,NA,NA,NA
Software Engineer Machine Learning,"
Intecon",NA,Pasadena,CA,NA,NA,NA
ML Data Scientist,"
eviCore healthcare",NA,Boston,MA,NA,NA,NA
Graduate Data Scientist,"
ARM",NA,San Jose,CA,NA,NA,NA
Data Scientist - 1219757,"
Cisco",NA,San Jose,CA,NA,NA,NA
Associate Data Scientist,"
Highmark Health",NA,Pittsburgh,PA,NA,NA,NA
Machine Learning Scientist,"
Adobe",NA,San Jose,CA,NA,NA,NA
Data Scientist,"
SAP",NA,Palo Alto,CA,NA,NA,NA
"Data Scientist, Machine Learning & AI","
Etsy",NA,San Francisco,CA,NA,NA,NA
R&D Data Engineer,NA,NA,New York,NY,NA,NA,NA
Research Scientist (Machine Learning),"
NVIDIA",NA,Westford,MA,NA,NA,NA
Natural Language Processing Data Engineer,"
Apple",NA,Santa Clara Valley,CA,NA,NA,NA
Data Scientist Mentor,"
Excella Consulting",NA,Blacksburg,VA,NA,NA,NA
17-18 Campus - Machine Learning Engineer,"
TripAdvisor",NA,Needham,MA,NA,NA,NA
Data Scientist,NA,NA,Florianópolis,SC,NA,NA,NA
Data Scientist,NA,NA,Florianópolis,SC,NA,NA,NA
Analista Desenvolvedor Data Scientist,NA,NA,Florianópolis,SC,NA,NA,NA
Data Scientist,NA,NA,Florianópolis,SC,NA,NA,NA
>>>>>>> Viv
